image,mean_brightness,contrast_std,median,min,max,p5,p95,skewness,kurtosis,dark_ratio,bright_ratio,entropy,edge_count,edge_density,edge_density_lo,edge_density_hi,edge_density_otsu,grad_mean,grad_std,grad_p95,blackhat_mean,blackhat_p95,blackhat_ratio,clahe_std,clahe_dark_ratio,edge_grid_00,edge_grid_01,edge_grid_02,edge_grid_03,edge_grid_10,edge_grid_11,edge_grid_12,edge_grid_13,edge_grid_20,edge_grid_21,edge_grid_22,edge_grid_23,edge_grid_30,edge_grid_31,edge_grid_32,edge_grid_33,label
IMG_20180513_164959951_HDR resized_448.jpg,122.10081481933594,30.727238591756684,120.0,23.0,246.0,74.0,177.0,0.3079595815715342,-0.007342215302390542,0.0029449462890625,0.0092315673828125,6.971862428516129,14780,0.22552490234375,0.3195953369140625,0.0654754638671875,0.2191162109375,61.44762996003513,38.926220358846194,136.6821129482567,20.944107055664062,48.0,0.4550628662109375,55.24826940720459,0.1172637939453125,0.230712890625,0.177001953125,0.211181640625,0.060546875,0.298583984375,0.27734375,0.259765625,0.127197265625,0.308837890625,0.268798828125,0.23681640625,0.159423828125,0.27734375,0.284423828125,0.26513671875,0.165283203125,1
IMG_20180513_165129852_HDR resized_448.jpg,131.82595825195312,23.529471525529807,133.0,2.0,245.0,91.0,168.0,-0.30098368405720555,1.088592598950659,0.0025177001953125,0.00347900390625,6.569990031090729,8763,0.1337127685546875,0.272125244140625,0.025970458984375,0.1289825439453125,47.510805611054145,31.124672878758425,108.81176406988355,16.087127685546875,41.0,0.2984161376953125,46.13531116098847,0.0615997314453125,0.133544921875,0.11474609375,0.016357421875,0.044677734375,0.19287109375,0.23828125,0.095458984375,0.009521484375,0.20361328125,0.1279296875,0.25244140625,0.089599609375,0.2197265625,0.205078125,0.1240234375,0.071533203125,1
IMG_20180513_165150613_HDR resized_448.jpg,121.17170715332031,29.188682196818977,120.0,3.0,242.0,74.0,174.0,0.09177142152528997,0.8922643729986417,0.012359619140625,0.0063934326171875,6.860952790807253,10809,0.1649322509765625,0.2607574462890625,0.0697021484375,0.16290283203125,56.50148394044057,46.24525558202155,146.12323566086263,18.50531005859375,50.0,0.3423004150390625,52.38979188601017,0.0947723388671875,0.0703125,0.01220703125,0.0,0.01025390625,0.254638671875,0.181396484375,0.0703125,0.03369140625,0.308837890625,0.287353515625,0.12646484375,0.114501953125,0.3203125,0.3330078125,0.287841796875,0.227783203125,1
IMG_20180513_165345878_HDR resized_448.jpg,130.11871337890625,24.924452015174086,131.0,19.0,253.0,88.0,169.0,-0.09167564744831802,0.4921735043427544,0.0014495849609375,0.003662109375,6.674228735520584,12873,0.1964263916015625,0.305206298828125,0.0384368896484375,0.192108154296875,55.49500241254329,35.37552435779909,120.83045973594572,19.571990966796875,45.0,0.4149169921875,51.68910014123711,0.086700439453125,0.1845703125,0.18505859375,0.2314453125,0.255615234375,0.24560546875,0.226806640625,0.2197265625,0.280517578125,0.05859375,0.169189453125,0.21044921875,0.25048828125,0.030029296875,0.07861328125,0.2265625,0.28955078125,1
IMG_20180513_165349788_HDR resized_448.jpg,131.08383178710938,25.470918543895337,132.0,14.0,253.0,88.0,170.0,-0.04409877079710056,0.8954722160600301,0.002105712890625,0.005523681640625,6.69722189630435,11593,0.1768951416015625,0.2944488525390625,0.0455474853515625,0.16949462890625,54.87997413303961,37.72085993667141,126.26955294131677,19.216644287109375,46.0,0.3885498046875,51.591723093481555,0.086395263671875,0.2705078125,0.22021484375,0.201416015625,0.278564453125,0.25634765625,0.221923828125,0.16064453125,0.24365234375,0.083740234375,0.086181640625,0.169921875,0.244140625,0.057861328125,0.04150390625,0.05712890625,0.236572265625,1
IMG_20180513_165353081_HDR resized_448.jpg,136.03167724609375,26.377801751909075,138.0,2.0,252.0,90.0,174.0,-0.5162253694771118,2.0110695721421212,0.006744384765625,0.0079193115234375,6.699973831668273,9671,0.1475677490234375,0.2780303955078125,0.04620361328125,0.148681640625,52.09932238520757,38.01471536519945,127.03542812932147,18.091812133789062,47.0,0.3339080810546875,49.522008316261974,0.069061279296875,0.2724609375,0.22216796875,0.22607421875,0.255615234375,0.248291015625,0.161376953125,0.144287109375,0.1884765625,0.120849609375,0.0361328125,0.064208984375,0.203369140625,0.0478515625,0.049072265625,0.02978515625,0.091064453125,1
IMG_20180513_165451567_HDR resized_448.jpg,129.53631591796875,22.39605151121005,132.0,7.0,248.0,90.0,160.0,-0.06014781924538505,1.8871909918823526,0.0007781982421875,0.005706787109375,6.460608187168499,6252,0.09539794921875,0.2619781494140625,0.0137176513671875,0.103118896484375,44.36537214025057,32.20498677332394,99.37806446240933,14.783111572265625,36.0,0.24859619140625,43.56420157271371,0.0494232177734375,0.140625,0.04296875,0.022705078125,0.038330078125,0.15478515625,0.13916015625,0.0361328125,0.075927734375,0.224365234375,0.114990234375,0.017578125,0.042724609375,0.189697265625,0.166748046875,0.04248046875,0.0771484375,1
IMG_20180513_165455803_HDR resized_448.jpg,123.32785034179688,22.182977713493923,125.0,13.0,252.0,85.0,154.0,0.06679968492534169,2.777039830095922,0.0023040771484375,0.004852294921875,6.435586795350654,6760,0.1031494140625,0.2696380615234375,0.0136260986328125,0.1186981201171875,44.112428505508994,32.34808657490108,98.06630370326603,14.523529052734375,34.0,0.2384490966796875,43.08701996501601,0.0566864013671875,0.085693359375,0.095703125,0.00732421875,0.082275390625,0.195556640625,0.1005859375,0.0712890625,0.09326171875,0.22265625,0.09814453125,0.01025390625,0.122802734375,0.217529296875,0.1591796875,0.026611328125,0.0615234375,1
IMG_20180513_165500303_HDR resized_448.jpg,125.12644958496094,20.473844305933266,127.0,18.0,250.0,89.0,153.0,-0.061689883061264356,2.592350430288085,0.0009918212890625,0.0037994384765625,6.323367136609776,3678,0.056121826171875,0.218017578125,0.010162353515625,0.071258544921875,37.65656314776904,27.13690469866903,86.31338250816034,12.632247924804688,30.0,0.1683502197265625,39.86820628769572,0.041717529296875,0.02587890625,0.002685546875,0.02392578125,0.041259765625,0.072509765625,0.025390625,0.03955078125,0.047119140625,0.141357421875,0.01953125,0.0166015625,0.114013671875,0.1015625,0.044677734375,0.025146484375,0.15673828125,1
IMG_20180513_165512488_HDR resized_448.jpg,128.9718475341797,29.168143491963452,131.0,13.0,250.0,76.0,173.0,-0.2797323330224502,0.48977407981505117,0.0071563720703125,0.005340576171875,6.883020439482325,9473,0.1445465087890625,0.2721710205078125,0.031890869140625,0.149169921875,49.723505569176005,34.66519855327955,113.35784048754634,16.689010620117188,41.0,0.315216064453125,48.756437990984864,0.0746307373046875,0.257080078125,0.146728515625,0.066162109375,0.018798828125,0.27880859375,0.209228515625,0.192138671875,0.102783203125,0.277587890625,0.1240234375,0.1025390625,0.051513671875,0.23046875,0.17041015625,0.02490234375,0.0595703125,1
IMG_20180513_165515651_HDR resized_448.jpg,125.15031433105469,25.314855170358282,126.0,13.0,250.0,82.0,166.0,-0.061153882527245865,0.954632857370866,0.0037689208984375,0.0033111572265625,6.682206453803847,7173,0.1094512939453125,0.260498046875,0.0194091796875,0.1110076904296875,44.36462086307605,30.217729823810632,101.6366075781753,14.305007934570312,35.0,0.236846923828125,46.73082512515601,0.0669097900390625,0.14453125,0.06982421875,0.03076171875,0.01171875,0.255615234375,0.157958984375,0.08056640625,0.04833984375,0.2392578125,0.13623046875,0.102783203125,0.0478515625,0.233154296875,0.111328125,0.072998046875,0.00830078125,1
IMG_20180513_165521775_HDR resized_448.jpg,125.30667114257812,23.42174357196609,126.0,5.0,250.0,85.0,163.0,-0.08360506436010412,1.2781614184502672,0.00250244140625,0.0022430419921875,6.559521329260123,4448,0.06787109375,0.21539306640625,0.0081329345703125,0.0828704833984375,38.836806176759175,27.680537016891996,90.0,12.507858276367188,31.0,0.173004150390625,43.68269668176837,0.053436279296875,0.043701171875,0.013916015625,0.0224609375,0.02783203125,0.17236328125,0.0869140625,0.033935546875,0.04638671875,0.152587890625,0.073974609375,0.0517578125,0.021728515625,0.179443359375,0.04736328125,0.09912109375,0.012451171875,1
IMG_20180513_165533492_HDR resized_448.jpg,126.38900756835938,22.550763535880826,128.0,16.0,249.0,87.0,160.0,-0.21506236385086813,0.9341829822360426,0.001220703125,0.00213623046875,6.510118669015922,6899,0.1052703857421875,0.256805419921875,0.0184173583984375,0.1130828857421875,43.64257067486893,30.51532957144515,100.56838469419701,14.8330078125,36.0,0.2543182373046875,45.28583336305732,0.060821533203125,0.14697265625,0.121337890625,0.02099609375,0.061279296875,0.218505859375,0.1279296875,0.0302734375,0.051025390625,0.239013671875,0.134765625,0.0751953125,0.01806640625,0.25537109375,0.114501953125,0.0517578125,0.017333984375,1
IMG_20180513_165538350_HDR resized_448.jpg,123.01766967773438,25.60485391451513,123.0,8.0,249.0,81.0,165.0,0.07441786523712199,1.1794307388531378,0.0050201416015625,0.004058837890625,6.696661623618764,8453,0.1289825439453125,0.2683258056640625,0.031005859375,0.1258544921875,47.77043991474633,34.975901469910106,111.40017953306898,15.636306762695312,38.0,0.2768707275390625,48.423312874810144,0.0758056640625,0.190185546875,0.098388671875,0.020263671875,0.036865234375,0.20458984375,0.123046875,0.052734375,0.094970703125,0.28369140625,0.17578125,0.07275390625,0.0673828125,0.2890625,0.234375,0.02783203125,0.091796875,1
IMG_20180513_165547907_HDR resized_448.jpg,120.40658569335938,22.196009632173382,119.0,22.0,251.0,87.0,158.0,0.4615215833644712,1.4391755512174997,0.001007080078125,0.0029144287109375,6.484594349949896,1865,0.0284576416015625,0.1356658935546875,0.00750732421875,0.042022705078125,31.925148132170023,24.670059202115343,75.59100475585703,9.880538940429688,25.0,0.0942535400390625,37.37188026943587,0.033966064453125,0.018310546875,0.035400390625,0.0,0.0,0.0234375,0.009521484375,0.01220703125,0.023193359375,0.031982421875,0.005615234375,0.002685546875,0.040771484375,0.16357421875,0.044921875,0.007080078125,0.03662109375,1
IMG_20180513_165706718_HDR resized_448.jpg,129.15005493164062,25.1065777430669,131.0,18.0,249.0,86.0,168.0,-0.17073383848722687,0.5391814244900575,0.00177001953125,0.002899169921875,6.678684001491034,12576,0.19189453125,0.3035125732421875,0.0448760986328125,0.1849822998046875,55.31752768781964,36.688991849585456,123.69316876852982,18.879928588867188,45.0,0.38250732421875,51.63081659059238,0.09130859375,0.25732421875,0.2333984375,0.15966796875,0.048583984375,0.278076171875,0.239013671875,0.15087890625,0.057861328125,0.273681640625,0.250244140625,0.16552734375,0.164306640625,0.282958984375,0.253173828125,0.086669921875,0.1689453125,1
IMG_20180513_165710583_HDR resized_448.jpg,129.99208068847656,27.289075609328606,132.0,2.0,251.0,81.0,170.0,-0.39816525663774116,0.7501591449465446,0.00604248046875,0.0034332275390625,6.78360829314454,13030,0.198822021484375,0.3071746826171875,0.0538330078125,0.191619873046875,56.005434111022616,38.53662220743992,129.44496831078845,18.746994018554688,45.0,0.3722991943359375,52.62025121932266,0.0918731689453125,0.274169921875,0.214111328125,0.097900390625,0.026611328125,0.29541015625,0.30224609375,0.1416015625,0.08056640625,0.311767578125,0.282470703125,0.164306640625,0.13037109375,0.294189453125,0.267578125,0.141845703125,0.156005859375,1
IMG_20180513_165717627_HDR resized_448.jpg,123.35957336425781,23.31568200654415,123.0,18.0,254.0,87.0,162.0,0.6170244280504146,2.574869808182676,0.001068115234375,0.0069122314453125,6.523287200246532,2509,0.0382843017578125,0.185791015625,0.0064239501953125,0.039947509765625,34.009424329143386,27.5200319735936,79.51100552753688,11.07470703125,27.0,0.1177520751953125,41.49364878962712,0.0484619140625,0.06787109375,0.001220703125,0.0,0.0,0.08349609375,0.048095703125,0.008544921875,0.001220703125,0.10205078125,0.03564453125,0.011474609375,0.004150390625,0.07763671875,0.05126953125,0.0341796875,0.085693359375,1
IMG_20180513_165733359_HDR resized_448.jpg,126.55250549316406,22.818952870728907,127.0,22.0,247.0,89.0,163.0,-0.002869633912497213,0.7929895744618625,0.0013885498046875,0.00201416015625,6.544989566550324,7926,0.120941162109375,0.2518157958984375,0.022918701171875,0.1286163330078125,45.42147759902545,31.686766589862838,105.57461816175325,15.406951904296875,39.0,0.2731475830078125,45.38212397183829,0.0656585693359375,0.016845703125,0.110107421875,0.019287109375,0.006591796875,0.168701171875,0.15771484375,0.033203125,0.009033203125,0.252197265625,0.236572265625,0.115234375,0.050048828125,0.25146484375,0.24609375,0.169677734375,0.09228515625,1
IMG_20180513_165741688_HDR resized_448.jpg,124.90202331542969,22.529223606603733,125.0,19.0,248.0,88.0,161.0,0.014080621005113841,0.8608527597116327,0.0017852783203125,0.0017547607421875,6.525824873670395,5915,0.0902557373046875,0.23876953125,0.0163421630859375,0.0935211181640625,40.54015138430456,29.633534961127353,97.52948272189288,13.291549682617188,34.0,0.200164794921875,43.35527649395424,0.0543975830078125,0.028076171875,0.0400390625,0.015625,0.011962890625,0.1025390625,0.125732421875,0.023193359375,0.00048828125,0.22900390625,0.193359375,0.09765625,0.02001953125,0.26904296875,0.2021484375,0.07568359375,0.009521484375,1
IMG_20180513_165749116_HDR resized_448.jpg,128.0928192138672,22.178294463535977,129.0,15.0,251.0,91.0,162.0,-0.16864356432996686,0.6000469524296221,0.0010986328125,0.00146484375,6.501332102794756,5523,0.0842742919921875,0.2191925048828125,0.0128936767578125,0.0894317626953125,38.76913223052814,28.109846896365983,92.80086206496145,12.993301391601562,33.0,0.188507080078125,43.61748209885068,0.0509796142578125,0.117431640625,0.068359375,0.012451171875,0.00146484375,0.185546875,0.1435546875,0.040283203125,0.008544921875,0.202880859375,0.100341796875,0.0498046875,0.0,0.233642578125,0.105712890625,0.055419921875,0.02294921875,1
IMG_20180513_170350654_HDR resized_448.jpg,129.5150909423828,19.29907750709308,132.0,3.0,237.0,94.0,156.0,-0.5320926825526329,1.467406469498191,0.0008087158203125,0.001251220703125,6.254278088942837,2995,0.0457000732421875,0.211517333984375,0.0036773681640625,0.0526580810546875,35.80882566996844,24.59894014856598,79.62411694957753,12.3358154296875,29.0,0.160919189453125,38.66423733098769,0.0334930419921875,0.0,0.02490234375,0.041748046875,0.175537109375,0.0068359375,0.0146484375,0.042724609375,0.07861328125,0.023193359375,0.009521484375,0.087646484375,0.11474609375,0.008056640625,0.01025390625,0.0078125,0.0849609375,1
IMG_20180513_170357440_HDR resized_448.jpg,130.93621826171875,17.77582976359734,133.0,21.0,245.0,98.0,155.0,-0.6918161508746122,1.9284976956703046,0.0004730224609375,0.0009307861328125,6.106165995894365,747,0.0113983154296875,0.126434326171875,0.001708984375,0.0190582275390625,28.4593472662756,19.21248393033121,62.177166226839255,9.646942138671875,23.0,0.0718994140625,33.98365288465663,0.0180511474609375,0.0,0.00927734375,0.00390625,0.021484375,0.012451171875,0.007080078125,0.013671875,0.020263671875,0.0,0.0,0.024658203125,0.061279296875,0.005126953125,0.0,0.0,0.003173828125,1
IMG_20180513_170406108_HDR resized_448.jpg,125.63282775878906,20.241166713680965,127.0,13.0,252.0,91.0,152.0,0.08338955444093138,3.7641315219184133,0.0020904541015625,0.0052947998046875,6.272330597303596,913,0.0139312744140625,0.09698486328125,0.005706787109375,0.02142333984375,28.451843673391714,22.8994924970826,65.62011886609167,9.494140625,23.0,0.0716552734375,34.28953739805629,0.0230865478515625,0.080810546875,0.00439453125,0.000244140625,0.015380859375,0.012451171875,0.00537109375,0.010498046875,0.015869140625,0.007568359375,0.0,0.00390625,0.02880859375,0.0078125,0.008544921875,0.00732421875,0.013916015625,1
IMG_20180513_170430826_HDR resized_448.jpg,126.40249633789062,16.84990310034314,126.0,30.0,250.0,99.0,154.0,0.3091169988002073,2.542712123005993,0.000152587890625,0.0015869140625,6.080018173304937,1256,0.0191650390625,0.1623687744140625,0.002685546875,0.0316162109375,31.726779960987386,22.249768097160064,70.0,10.359344482421875,25.0,0.1074676513671875,36.97864574143673,0.02734375,0.01025390625,0.0703125,0.0400390625,0.0234375,0.00341796875,0.0380859375,0.02587890625,0.015380859375,0.000732421875,0.009765625,0.003662109375,0.004638671875,0.004638671875,0.00244140625,0.04736328125,0.006591796875,1
IMG_20180513_170453882_HDR resized_448.jpg,115.23065185546875,18.327349672296627,115.0,33.0,248.0,86.0,145.0,0.4547665431493661,2.6062930498641412,0.000244140625,0.0018768310546875,6.201669405652568,2215,0.0337982177734375,0.1963653564453125,0.0039825439453125,0.0626068115234375,35.185245875300545,25.668635409549843,77.78495978666689,11.306976318359375,27.0,0.1407318115234375,38.90448187147918,0.0472412109375,0.08349609375,0.129150390625,0.05322265625,0.021728515625,0.01953125,0.042236328125,0.0546875,0.035400390625,0.0244140625,0.0439453125,0.0,0.010498046875,0.0078125,0.0,0.013427734375,0.001220703125,1
IMG_20180513_170500983_HDR resized_448.jpg,112.9947509765625,17.29363898242338,113.0,27.0,250.0,85.0,141.0,0.3791370732145486,2.7374535294463582,0.0005340576171875,0.001007080078125,6.112668188566138,1480,0.0225830078125,0.1500396728515625,0.0029449462890625,0.0470428466796875,31.632034616318524,22.36963208233035,70.3420215802759,10.262252807617188,25.0,0.104095458984375,36.845540116798446,0.0431671142578125,0.058837890625,0.0556640625,0.01220703125,0.0224609375,0.008544921875,0.023193359375,0.020751953125,0.00634765625,0.01953125,0.06884765625,0.007080078125,0.018310546875,0.001708984375,0.003662109375,0.0341796875,0.0,1
IMG_20180513_170515937_HDR resized_448.jpg,116.3843994140625,18.542092851275235,117.0,32.0,252.0,86.0,145.0,0.28868713516851224,2.431703693780779,0.0001068115234375,0.001495361328125,6.222879919736429,4129,0.0630035400390625,0.2150421142578125,0.0065155029296875,0.0924530029296875,38.19470245324296,27.753759201606112,87.00574693662483,12.984481811523438,32.0,0.1962890625,40.445810366505846,0.0513916015625,0.0,0.01416015625,0.064697265625,0.2138671875,0.0,0.012939453125,0.015625,0.209716796875,0.037109375,0.056884765625,0.072265625,0.078125,0.0,0.008056640625,0.130615234375,0.093994140625,1
IMG_20180513_170526931_HDR resized_448.jpg,116.19120788574219,19.56338644203919,116.0,1.0,251.0,86.0,144.0,0.33279317467859704,5.406163551012806,0.00360107421875,0.003326416015625,6.210737370673042,2021,0.0308380126953125,0.161102294921875,0.010162353515625,0.0471954345703125,34.39238618676541,30.26293138935607,79.81227975693966,11.659225463867188,29.0,0.1396636962890625,39.10237148452393,0.045257568359375,0.13427734375,0.00537109375,0.02587890625,0.072509765625,0.00634765625,0.003662109375,0.001953125,0.109130859375,0.02294921875,0.016845703125,0.009033203125,0.038818359375,0.00341796875,0.0,0.0341796875,0.009033203125,1
IMG_20180513_170535927_HDR resized_448.jpg,111.77212524414062,18.47863233252933,111.0,9.0,252.0,83.0,140.0,0.6319352074983228,5.284170839241774,0.002197265625,0.0027313232421875,6.1644611598496875,2121,0.0323638916015625,0.1777496337890625,0.0070343017578125,0.063262939453125,34.077874641922016,26.912196695609936,77.25283166331187,11.522415161132812,28.0,0.137847900390625,38.81466846634454,0.0488433837890625,0.03515625,0.003662109375,0.051025390625,0.09765625,0.0068359375,0.01025390625,0.02880859375,0.12841796875,0.0224609375,0.00732421875,0.00732421875,0.04638671875,0.003173828125,0.025390625,0.034423828125,0.009521484375,1
IMG_20180513_170700279_HDR resized_448.jpg,118.21260070800781,20.139845717722892,118.0,24.0,245.0,85.0,151.0,0.2419471398642014,1.4623308178118597,0.0006561279296875,0.0012969970703125,6.341791005259428,6123,0.0934295654296875,0.242645263671875,0.02056884765625,0.1145477294921875,42.02312731617506,30.01945996554951,100.0199980003999,14.3990478515625,37.0,0.23565673828125,42.653922839795314,0.0625762939453125,0.0068359375,0.04638671875,0.029052734375,0.010009765625,0.0205078125,0.05419921875,0.07568359375,0.150634765625,0.005126953125,0.147216796875,0.232177734375,0.14111328125,0.030029296875,0.150634765625,0.278076171875,0.1171875,1
IMG_20180513_170710091_HDR resized_448.jpg,119.29624938964844,24.712994684866707,120.0,4.0,245.0,78.0,158.0,-0.0198947912321617,0.828450699336913,0.0045166015625,0.002410888671875,6.6570815778663945,12100,0.18463134765625,0.3044891357421875,0.04254150390625,0.1965789794921875,53.596148552925754,35.37045046439799,120.41594578792295,18.188201904296875,44.0,0.3606109619140625,50.02185762261515,0.0917510986328125,0.08203125,0.152099609375,0.046630859375,0.045654296875,0.179443359375,0.2255859375,0.09326171875,0.150634765625,0.227294921875,0.21484375,0.1904296875,0.244873046875,0.2861328125,0.25048828125,0.275634765625,0.2890625,1
IMG_20180513_170718753_HDR resized_448.jpg,120.13394165039062,25.39915609690747,121.0,11.0,250.0,76.0,160.0,-0.1302744086548688,0.2556062871640208,0.004058837890625,0.0014801025390625,6.703688417257182,13426,0.204864501953125,0.3092498779296875,0.0420074462890625,0.22137451171875,55.29404459578958,34.99069087504077,119.70797801316336,18.899887084960938,44.0,0.40020751953125,51.781720264678604,0.1022186279296875,0.090576171875,0.095947265625,0.14013671875,0.196044921875,0.1767578125,0.149658203125,0.205078125,0.251953125,0.184326171875,0.23095703125,0.24609375,0.262451171875,0.23583984375,0.251220703125,0.273681640625,0.287109375,1
IMG_20180513_170728853_HDR resized_448.jpg,119.85612487792969,22.109726422185727,121.0,12.0,248.0,83.0,154.0,-0.08262318008225882,1.251804069094855,0.0031890869140625,0.001678466796875,6.487075365293736,4993,0.0761871337890625,0.2422027587890625,0.0146331787109375,0.0973663330078125,41.035364435529836,29.382062414294072,96.11191298351291,13.518280029296875,33.0,0.19683837890625,45.310114957257035,0.0679931640625,0.0029296875,0.098876953125,0.003173828125,0.02392578125,0.01611328125,0.122314453125,0.060546875,0.01416015625,0.03125,0.12646484375,0.10546875,0.05224609375,0.075439453125,0.0986328125,0.2275390625,0.159912109375,1
IMG_20180513_170746398_HDR resized_448.jpg,124.06671142578125,23.30774837478874,125.0,15.0,247.0,85.0,161.0,-0.10261256465128316,0.5073505208512756,0.001953125,0.001312255859375,6.580067886311472,6791,0.1036224365234375,0.26251220703125,0.011566162109375,0.1151885986328125,43.27246334192495,29.186722948092587,98.47842403288143,14.529266357421875,34.0,0.2425537109375,45.88146457496864,0.0666046142578125,0.2138671875,0.05126953125,0.024658203125,0.020751953125,0.115478515625,0.157958984375,0.120361328125,0.075439453125,0.229736328125,0.17529296875,0.07470703125,0.0126953125,0.231689453125,0.10693359375,0.035400390625,0.01171875,1
IMG_20180513_170844630_HDR resized_448.jpg,110.35281372070312,36.8134019913897,110.0,12.0,253.0,52.0,171.0,0.10672520317771997,-0.6824011419203191,0.0377960205078125,0.003662109375,7.206881858599641,19901,0.3036651611328125,0.3213653564453125,0.227996826171875,0.3123321533203125,93.88582676130503,53.0104477412064,193.21490625725542,33.93858337402344,73.0,0.69189453125,67.5346432377656,0.1826629638671875,0.3017578125,0.28564453125,0.29931640625,0.319580078125,0.304443359375,0.294189453125,0.290771484375,0.303955078125,0.303955078125,0.312255859375,0.3125,0.30712890625,0.306884765625,0.3134765625,0.3203125,0.282470703125,1
IMG_20180514_164920326_HDR resized_448.jpg,117.31608581542969,23.861029817090646,117.0,14.0,248.0,78.0,156.0,0.09000113475334462,1.0862857153099688,0.004608154296875,0.0026092529296875,6.601911145450176,7282,0.111114501953125,0.2737884521484375,0.017303466796875,0.145294189453125,44.47852186747909,29.243022212134964,100.16985574512923,16.22247314453125,36.0,0.3043975830078125,46.003132800104225,0.069122314453125,0.110595703125,0.1962890625,0.23193359375,0.069580078125,0.0400390625,0.103759765625,0.1943359375,0.125,0.017333984375,0.06884765625,0.17822265625,0.0908203125,0.025634765625,0.15380859375,0.1396484375,0.031982421875,1
IMG_20180514_164936208_HDR resized_448.jpg,125.21109008789062,29.50909329706741,126.0,10.0,250.0,76.0,171.0,-0.04850231964107655,0.5197213384036568,0.008056640625,0.0082244873046875,6.915732654776608,10871,0.1658782958984375,0.290985107421875,0.0498199462890625,0.172821044921875,53.57839413509999,36.98993937228353,125.09996003196804,19.266830444335938,45.0,0.39715576171875,49.90086933230966,0.0785369873046875,0.096435546875,0.229736328125,0.279052734375,0.149169921875,0.08544921875,0.23779296875,0.271484375,0.19091796875,0.099365234375,0.239501953125,0.200439453125,0.109375,0.06103515625,0.20556640625,0.161376953125,0.037353515625,1
IMG_20180514_164944000_HDR resized_448.jpg,132.61065673828125,31.961450129693954,137.0,1.0,250.0,70.0,176.0,-0.66487232915759,0.9433713161021093,0.0165252685546875,0.00885009765625,6.950339668047187,9509,0.1450958251953125,0.2642974853515625,0.0670928955078125,0.1588592529296875,53.45588159931644,41.72491874779597,138.01449199268893,18.757308959960938,51.0,0.33905029296875,50.12735336772784,0.0709228515625,0.159423828125,0.182861328125,0.069580078125,0.074462890625,0.2998046875,0.244140625,0.25927734375,0.231201171875,0.064697265625,0.16943359375,0.23583984375,0.213134765625,0.060546875,0.034912109375,0.010986328125,0.01123046875,1
IMG_20180514_164949995_HDR resized_448.jpg,126.85745239257812,29.39462970297348,129.0,7.0,250.0,75.0,170.0,-0.28831011851368177,0.5193774535550828,0.010223388671875,0.0065460205078125,6.89913268453428,8395,0.1280975341796875,0.2337646484375,0.046356201171875,0.1277923583984375,47.10716333296431,35.47771519580132,117.89826031033583,16.714385986328125,45.0,0.294677734375,48.00756176433926,0.072296142578125,0.158447265625,0.205322265625,0.047607421875,0.0712890625,0.22705078125,0.220703125,0.11181640625,0.203125,0.089111328125,0.216552734375,0.246826171875,0.129638671875,0.02490234375,0.040771484375,0.03271484375,0.023681640625,1
IMG_20180514_164955695_HDR resized_448.jpg,122.77369689941406,35.00967419546883,125.0,2.0,251.0,63.0,177.0,-0.06619237867354043,0.3283381588568335,0.021636962890625,0.0159149169921875,7.154893545468406,15493,0.2364044189453125,0.301544189453125,0.1163787841796875,0.246185302734375,70.10750075252126,48.462133500303565,163.49464769421326,25.654129028320312,59.0,0.549835205078125,56.11321359391155,0.116912841796875,0.304443359375,0.29345703125,0.291259765625,0.217529296875,0.277587890625,0.281005859375,0.2900390625,0.1943359375,0.271240234375,0.297607421875,0.217529296875,0.068115234375,0.264404296875,0.291015625,0.179931640625,0.04296875,1
IMG_20180514_165008040_HDR resized_448.jpg,113.24005126953125,26.712333474732983,113.0,5.0,253.0,70.0,155.0,0.32560303777930205,2.095974779849575,0.0118255615234375,0.006591796875,6.7318597686661334,8523,0.1300506591796875,0.2757720947265625,0.0402679443359375,0.177215576171875,49.442218065275036,36.65495873395227,119.7246806763882,18.607772827148438,43.0,0.370086669921875,47.50702053560678,0.081207275390625,0.071044921875,0.130615234375,0.0859375,0.048095703125,0.25634765625,0.253173828125,0.246826171875,0.062744140625,0.1826171875,0.1318359375,0.15771484375,0.10986328125,0.055908203125,0.006591796875,0.0849609375,0.196533203125,1
IMG_20180514_165031728_HDR resized_448.jpg,117.45674133300781,28.802213902066388,117.0,6.0,250.0,72.0,165.0,0.16239054605590955,0.35574493481023106,0.0088348388671875,0.0041046142578125,6.886596857930729,13996,0.21356201171875,0.31402587890625,0.050048828125,0.2245635986328125,56.09106525800314,34.89535630817914,120.83873551142449,20.321670532226562,44.0,0.455657958984375,51.393117708716225,0.099945068359375,0.205322265625,0.151123046875,0.16796875,0.215087890625,0.26025390625,0.25048828125,0.268310546875,0.278564453125,0.234375,0.234130859375,0.281005859375,0.20263671875,0.13134765625,0.168212890625,0.16845703125,0.19970703125,1
IMG_20180514_165039112_HDR resized_448.jpg,114.69456481933594,28.47238885738112,113.0,11.0,248.0,71.0,165.0,0.4230951318083822,0.7772645109276621,0.0079345703125,0.0057525634765625,6.851206967178591,13622,0.207855224609375,0.31121826171875,0.0566558837890625,0.2335205078125,57.750641067856,37.13688730734736,127.90621564255585,21.810104370117188,47.0,0.497894287109375,51.64795541652822,0.106231689453125,0.289306640625,0.26318359375,0.235107421875,0.160400390625,0.295654296875,0.26611328125,0.238525390625,0.220458984375,0.239013671875,0.218994140625,0.20166015625,0.155517578125,0.205078125,0.205322265625,0.0859375,0.04541015625,1
IMG_20180514_165050302_HDR resized_448.jpg,126.33021545410156,32.20752629228346,127.0,3.0,253.0,71.0,177.0,-0.1312583672058779,0.5543012204239033,0.0146026611328125,0.010650634765625,7.040468878000666,16425,0.2506256103515625,0.3184051513671875,0.10992431640625,0.252838134765625,68.25360147400224,43.75957128381529,152.5909564816998,25.018035888671875,58.0,0.5454864501953125,55.666509843398266,0.10809326171875,0.284912109375,0.29833984375,0.31298828125,0.317626953125,0.23779296875,0.299072265625,0.3154296875,0.281005859375,0.197509765625,0.273193359375,0.270751953125,0.1435546875,0.162841796875,0.2470703125,0.24169921875,0.126220703125,1
IMG_20180514_165115894_HDR resized_448.jpg,118.76252746582031,33.00776609070114,117.0,1.0,253.0,67.0,175.0,0.23673496896135832,0.5194525121314784,0.0164642333984375,0.012451171875,7.074967967756452,13798,0.210540771484375,0.2997894287109375,0.080596923828125,0.2176666259765625,62.87825794714681,43.80737902816403,148.01857965466326,23.930313110351562,54.0,0.534515380859375,52.691601439424225,0.0996551513671875,0.110595703125,0.080810546875,0.220947265625,0.172119140625,0.165771484375,0.22021484375,0.25048828125,0.2255859375,0.142578125,0.28955078125,0.278564453125,0.255126953125,0.1611328125,0.27197265625,0.27783203125,0.245361328125,1
IMG_20180514_165152754_HDR resized_448.jpg,122.85130310058594,27.889269801611256,123.0,7.0,249.0,79.0,169.0,0.08801113661211729,0.6368876555326346,0.0075531005859375,0.0060882568359375,6.832167019744316,10132,0.15460205078125,0.29248046875,0.0341033935546875,0.176116943359375,50.46690981043201,33.071479534040925,114.06138698087096,19.6055908203125,42.0,0.4274139404296875,47.13860411471917,0.0643768310546875,0.092041015625,0.11279296875,0.137939453125,0.202392578125,0.146240234375,0.185546875,0.2197265625,0.145263671875,0.106201171875,0.237548828125,0.158447265625,0.10205078125,0.066162109375,0.220458984375,0.224609375,0.1162109375,1
IMG_20180514_165211442_HDR resized_448.jpg,126.48846435546875,34.0404949884371,127.0,4.0,251.0,71.0,183.0,0.009093955176460913,0.11763941771997777,0.012847900390625,0.01727294921875,7.131344837997814,16826,0.256744384765625,0.3239288330078125,0.0997314453125,0.2560882568359375,66.66686660871825,40.67849500836629,144.18044250174847,25.089584350585938,54.0,0.57696533203125,54.5722015416731,0.108978271484375,0.26171875,0.2861328125,0.28173828125,0.239013671875,0.2412109375,0.291259765625,0.291259765625,0.307373046875,0.23095703125,0.25927734375,0.3056640625,0.270751953125,0.203857421875,0.162353515625,0.24072265625,0.234619140625,1
IMG_20180514_165217078_HDR resized_448.jpg,124.76545715332031,31.8014819878075,125.0,3.0,254.0,73.0,176.0,-0.08769506645951038,0.41577883823836714,0.012786865234375,0.009918212890625,7.028684081411365,16144,0.246337890625,0.3227691650390625,0.0788726806640625,0.247894287109375,63.640596719890155,40.499592701047746,140.8900280360537,24.264678955078125,53.0,0.5559234619140625,53.594960742943435,0.1019744873046875,0.23583984375,0.235595703125,0.23486328125,0.14404296875,0.2607421875,0.273193359375,0.242431640625,0.212890625,0.236572265625,0.272216796875,0.2939453125,0.260009765625,0.20166015625,0.280029296875,0.2880859375,0.269287109375,1
IMG_20180514_165228668_HDR resized_448.jpg,136.73828125,31.059724679919217,137.0,1.0,254.0,86.0,186.0,-0.3007057914241802,1.5982926505641322,0.0111083984375,0.022247314453125,6.953506549646125,17325,0.2643585205078125,0.32073974609375,0.099029541015625,0.2471771240234375,69.18737796604947,45.329479353338385,155.65667338423572,25.602447509765625,56.0,0.5767364501953125,53.563398761941315,0.0894622802734375,0.250244140625,0.27294921875,0.264892578125,0.222900390625,0.269775390625,0.2744140625,0.281005859375,0.28466796875,0.233642578125,0.25732421875,0.25732421875,0.249267578125,0.24365234375,0.29248046875,0.30419921875,0.27099609375,1
IMG_20180514_165245540_HDR resized_448.jpg,132.09400939941406,29.86222325016647,132.0,2.0,252.0,83.0,181.0,-0.10690218018413988,1.0054881428893072,0.0093841552734375,0.0155181884765625,6.9190956297369635,15841,0.2417144775390625,0.31341552734375,0.0971221923828125,0.22930908203125,66.37977768137495,42.12398414808773,147.24808997063425,23.8060302734375,55.0,0.5281219482421875,53.33388512186303,0.095245361328125,0.220947265625,0.19970703125,0.23828125,0.200927734375,0.26953125,0.271728515625,0.296142578125,0.29345703125,0.1923828125,0.2578125,0.26220703125,0.292236328125,0.162841796875,0.245849609375,0.211181640625,0.252197265625,1
IMG_20180514_165251954_HDR resized_448.jpg,130.58526611328125,26.98526037564745,130.0,1.0,253.0,87.0,175.0,-0.1588181966445883,1.7735482684194919,0.0086822509765625,0.0100860595703125,6.7381935345562125,11403,0.1739959716796875,0.2957000732421875,0.056488037109375,0.1765289306640625,56.23838467947496,37.8001926222104,131.03434664239754,20.809036254882812,49.0,0.44122314453125,49.468482317072905,0.074310302734375,0.18408203125,0.250244140625,0.27685546875,0.212646484375,0.075439453125,0.211669921875,0.226806640625,0.18212890625,0.06298828125,0.19775390625,0.1611328125,0.244140625,0.070068359375,0.14208984375,0.136474609375,0.1494140625,1
IMG_20180514_165259100 resized_448.jpg,136.6967010498047,29.767175240236405,136.0,17.0,253.0,87.0,188.0,0.03452434218047723,0.8097126544268125,0.0045318603515625,0.0251312255859375,6.907883881380344,14955,0.2281951904296875,0.2939300537109375,0.1053466796875,0.215911865234375,69.1418276095793,46.13295396096635,158.09490820390135,27.029312133789062,60.0,0.61114501953125,52.93948585360896,0.0801544189453125,0.222412109375,0.266845703125,0.300048828125,0.25146484375,0.1484375,0.26904296875,0.28466796875,0.266845703125,0.179931640625,0.26513671875,0.216552734375,0.2431640625,0.22412109375,0.18212890625,0.1865234375,0.143798828125,1
IMG_20180514_165302026_HDR resized_448.jpg,130.10769653320312,28.445627347229294,129.0,3.0,252.0,83.0,179.0,0.009900020579723959,1.301983677430698,0.0080413818359375,0.01409912109375,6.824129133604698,13930,0.212554931640625,0.2957305908203125,0.088653564453125,0.20465087890625,63.02971886905554,41.92402634633992,145.08618128546908,24.207763671875,53.0,0.554412841796875,51.80320669025242,0.082672119140625,0.19921875,0.273681640625,0.28125,0.2177734375,0.1171875,0.248046875,0.30029296875,0.27978515625,0.164794921875,0.261962890625,0.195556640625,0.19775390625,0.1953125,0.166748046875,0.15478515625,0.146728515625,1
IMG_20180514_165307482_HDR resized_448.jpg,128.10304260253906,27.175685278962913,127.0,2.0,254.0,85.0,176.0,0.1303177924167343,1.0656773510993336,0.0056304931640625,0.009521484375,6.7694673850806755,14676,0.22393798828125,0.305450439453125,0.0824737548828125,0.2186126708984375,61.44672334747485,38.848875484141445,136.36715146984628,24.59014892578125,52.0,0.5797271728515625,51.14964190219189,0.0848541259765625,0.182373046875,0.27197265625,0.28173828125,0.237548828125,0.158935546875,0.28515625,0.2587890625,0.22265625,0.1513671875,0.2685546875,0.236572265625,0.1787109375,0.16650390625,0.261962890625,0.262451171875,0.15771484375,1
IMG_20180514_165340357_HDR resized_448.jpg,130.33045959472656,27.98692295327903,129.0,5.0,254.0,85.0,177.0,0.09949237867942498,1.4615579305984898,0.0066070556640625,0.0107879638671875,6.804119094513903,13747,0.2097625732421875,0.308502197265625,0.0753326416015625,0.200775146484375,60.50252434809198,41.13558014369721,140.42791745233566,23.195571899414062,52.0,0.5160980224609375,52.3016876294878,0.0924224853515625,0.259765625,0.28564453125,0.262939453125,0.201171875,0.1884765625,0.218017578125,0.2978515625,0.269775390625,0.0771484375,0.231201171875,0.296875,0.28759765625,0.1103515625,0.160400390625,0.07666015625,0.13232421875,1
IMG_20180514_165358823_HDR resized_448.jpg,130.9682159423828,35.06433792466315,129.0,2.0,253.0,75.0,192.0,0.13277040153612507,0.3891285787520733,0.01287841796875,0.03106689453125,7.160929208945513,20311,0.3099212646484375,0.33282470703125,0.1912994384765625,0.3012542724609375,85.94179024475055,50.52350174995872,182.02334976187333,32.575897216796875,69.0,0.702606201171875,61.34643077784474,0.13763427734375,0.279052734375,0.3193359375,0.306396484375,0.2900390625,0.3056640625,0.31689453125,0.31787109375,0.295654296875,0.293701171875,0.319580078125,0.326904296875,0.31640625,0.312744140625,0.324462890625,0.32568359375,0.308349609375,1
IMG_20180514_165411841_HDR resized_448.jpg,129.7727508544922,36.57744056104479,128.0,3.0,251.0,71.0,194.0,0.13391629208478345,0.208831315558351,0.0146484375,0.0355224609375,7.226686496983778,20022,0.305511474609375,0.3318328857421875,0.2089996337890625,0.3021697998046875,91.29777975478868,53.14508685491821,191.44712042272545,34.44828796386719,73.0,0.7180938720703125,63.020794354464,0.1436920166015625,0.275634765625,0.30029296875,0.301025390625,0.293212890625,0.30419921875,0.31005859375,0.313232421875,0.315185546875,0.288818359375,0.32373046875,0.318603515625,0.30712890625,0.29150390625,0.3251953125,0.312744140625,0.3076171875,1
IMG_20180514_165427375_HDR resized_448.jpg,134.38645935058594,30.22432385619072,134.0,4.0,253.0,84.0,185.0,-0.1111831208340624,0.6827532046187104,0.0073699951171875,0.01806640625,6.94232218699897,17810,0.271759033203125,0.3245849609375,0.1159820556640625,0.2561187744140625,70.21055362637222,41.849114306261534,149.34523762075577,27.201263427734375,58.0,0.622894287109375,55.80349124650504,0.1115264892578125,0.288818359375,0.293701171875,0.26220703125,0.270751953125,0.281982421875,0.28955078125,0.299072265625,0.263427734375,0.294677734375,0.27099609375,0.26416015625,0.265869140625,0.270263671875,0.259033203125,0.265380859375,0.208251953125,1
IMG_20180514_165444055_HDR resized_448.jpg,133.76390075683594,26.67014717682507,134.0,12.0,248.0,89.0,178.0,-0.08426941608515283,0.6868633321722548,0.00286865234375,0.0086669921875,6.76607298948473,14943,0.2280120849609375,0.322296142578125,0.0672454833984375,0.208526611328125,59.28050147572087,37.09671989824614,129.2458896397708,21.972305297851562,49.0,0.48681640625,52.256446200741685,0.09136962890625,0.22021484375,0.187255859375,0.162353515625,0.16845703125,0.28955078125,0.287109375,0.2265625,0.17333984375,0.2763671875,0.258056640625,0.187744140625,0.248779296875,0.274169921875,0.234619140625,0.198974609375,0.254638671875,1
IMG_20180514_165457873_HDR resized_448.jpg,133.00848388671875,32.47844492599323,132.0,5.0,250.0,80.0,187.0,-0.0563372527732342,0.517499888779779,0.010345458984375,0.0218963623046875,7.053359011536597,19377,0.2956695556640625,0.3374481201171875,0.1407012939453125,0.2833251953125,74.99734672457382,45.364338326416586,160.57241246153032,28.234954833984375,62.0,0.633758544921875,58.70688870391104,0.1238555908203125,0.20458984375,0.291259765625,0.3154296875,0.294921875,0.28173828125,0.30419921875,0.3017578125,0.27978515625,0.279296875,0.314208984375,0.324462890625,0.31103515625,0.287109375,0.330810546875,0.327392578125,0.28271484375,1
IMG_20180514_165505511_HDR resized_448.jpg,131.87060546875,33.508520320319064,133.0,7.0,249.0,74.0,187.0,-0.1423285759704762,0.24180258436100743,0.0125579833984375,0.01971435546875,7.101469950919023,18809,0.2870025634765625,0.33282470703125,0.14581298828125,0.2787017822265625,76.14169716297039,47.61607743289691,166.19265928433782,27.79486083984375,66.0,0.5927734375,59.71820286332965,0.123687744140625,0.2919921875,0.322265625,0.305908203125,0.30126953125,0.322021484375,0.322998046875,0.3203125,0.30419921875,0.290283203125,0.279052734375,0.306884765625,0.2734375,0.22705078125,0.3271484375,0.252685546875,0.14453125,1
IMG_20180514_165529728_HDR resized_448.jpg,125.73214721679688,27.68703875010492,124.0,7.0,252.0,84.0,175.0,0.2980331578447858,1.0351079079373067,0.005828857421875,0.01043701171875,6.790765037109565,14490,0.221099853515625,0.3148956298828125,0.0737152099609375,0.2166900634765625,60.6183503155244,38.866880316561826,134.82581355215328,23.739089965820312,51.0,0.5452117919921875,52.72969715182074,0.095184326171875,0.120361328125,0.090087890625,0.262939453125,0.21435546875,0.1708984375,0.213623046875,0.26611328125,0.21240234375,0.22119140625,0.31201171875,0.27490234375,0.265380859375,0.270263671875,0.221435546875,0.209716796875,0.2119140625,1
IMG_20180514_165535720_HDR resized_448.jpg,126.1240234375,25.833416663825062,124.0,6.0,251.0,88.0,173.0,0.39166978713297773,0.9272020283644267,0.00299072265625,0.007568359375,6.696402108017212,14148,0.21588134765625,0.31500244140625,0.0547943115234375,0.20819091796875,56.8413280866732,34.92026535657547,123.17467272130257,22.25189208984375,46.0,0.519775390625,51.13961114367046,0.083709716796875,0.16552734375,0.175048828125,0.241455078125,0.23291015625,0.127685546875,0.08447265625,0.287109375,0.2978515625,0.25341796875,0.255126953125,0.190185546875,0.162841796875,0.281005859375,0.249267578125,0.2431640625,0.20703125,1
IMG_20180514_165710828_HDR resized_448.jpg,132.44883728027344,32.68380137570207,132.0,1.0,253.0,79.0,187.0,-0.16611224841046898,0.6737810374133302,0.0118255615234375,0.0189361572265625,7.057672305731446,19657,0.2999420166015625,0.3268890380859375,0.16796875,0.2888336181640625,80.41312504082332,47.29331329892216,168.90825912311098,29.96722412109375,65.0,0.653961181640625,58.98376918453194,0.131683349609375,0.308349609375,0.283203125,0.291259765625,0.276611328125,0.298095703125,0.3076171875,0.297607421875,0.2607421875,0.318115234375,0.30322265625,0.30419921875,0.29150390625,0.315185546875,0.32275390625,0.306640625,0.31396484375,1
IMG_20180514_165717791_HDR resized_448.jpg,138.43325805664062,31.45443871612702,139.0,1.0,252.0,87.0,189.0,-0.40718759742546273,1.2862770101442038,0.0119781494140625,0.021728515625,6.9800333860370305,19201,0.2929840087890625,0.32916259765625,0.1284332275390625,0.269989013671875,74.51796229917011,46.050647459611085,160.66735678166856,27.36334228515625,60.0,0.6104736328125,56.58475830788277,0.112335205078125,0.268798828125,0.290771484375,0.29248046875,0.2490234375,0.2958984375,0.287353515625,0.31884765625,0.2568359375,0.3046875,0.3125,0.2880859375,0.303466796875,0.31640625,0.31884765625,0.300048828125,0.28369140625,1
IMG_20180514_165724162_HDR resized_448.jpg,136.75498962402344,33.01780933777207,138.0,3.0,252.0,81.0,190.0,-0.3523733425991278,0.853695031574957,0.0139312744140625,0.0240936279296875,7.059962892389253,19125,0.2918243408203125,0.32476806640625,0.1555938720703125,0.278472900390625,79.29730420991012,48.09340400624763,169.80577139779436,30.286346435546875,69.0,0.6524658203125,58.56582658272383,0.1240386962890625,0.26953125,0.313720703125,0.28857421875,0.27490234375,0.299072265625,0.303466796875,0.31689453125,0.272705078125,0.306884765625,0.293701171875,0.279296875,0.28515625,0.287841796875,0.29248046875,0.2900390625,0.294921875,1
IMG_20180514_165731332_HDR resized_448.jpg,140.73622131347656,37.30566651567238,141.0,0.0,255.0,79.0,202.0,-0.2803520111991532,1.0182594638063875,0.0177154541015625,0.0546722412109375,7.222178188716343,18777,0.2865142822265625,0.3081512451171875,0.213836669921875,0.277130126953125,96.34636463395718,56.85738749527066,204.22169298978545,37.25572204589844,82.0,0.727447509765625,61.55715027183709,0.1295013427734375,0.281494140625,0.284912109375,0.304443359375,0.264892578125,0.2890625,0.30615234375,0.291748046875,0.26904296875,0.28662109375,0.283447265625,0.292236328125,0.285400390625,0.27734375,0.28466796875,0.3125,0.270263671875,1
IMG_20180514_165740460_HDR resized_448.jpg,128.88787841796875,30.122120859577066,127.0,4.0,254.0,83.0,183.0,0.2420580897135458,0.8232517038873297,0.0068511962890625,0.0166168212890625,6.924188708044563,17534,0.267547607421875,0.31744384765625,0.120361328125,0.2544708251953125,72.01813182358822,45.16188010606388,159.02201105507376,27.827972412109375,59.0,0.6373138427734375,55.927377574923455,0.114471435546875,0.282470703125,0.26416015625,0.208984375,0.1923828125,0.294677734375,0.2763671875,0.227294921875,0.2119140625,0.30419921875,0.2900390625,0.275390625,0.277587890625,0.313720703125,0.284423828125,0.304931640625,0.272216796875,1
IMG_20180514_165746314_HDR resized_448.jpg,138.70770263671875,34.06012497805829,138.0,0.0,252.0,84.0,196.0,-0.2493896230351812,1.1125104403765986,0.0140228271484375,0.0386505126953125,7.090079434032877,18733,0.2858428955078125,0.3204345703125,0.17315673828125,0.2702178955078125,83.0163485988442,50.991749184981735,179.13681921927719,32.53271484375,69.0,0.69940185546875,59.07982967559089,0.119964599609375,0.3037109375,0.29150390625,0.288330078125,0.260009765625,0.281494140625,0.300537109375,0.275390625,0.257080078125,0.292236328125,0.27978515625,0.3037109375,0.282470703125,0.297607421875,0.301025390625,0.29833984375,0.26025390625,1
IMG_20180514_165751038_HDR resized_448.jpg,139.5066680908203,32.72928647754994,140.0,1.0,250.0,84.0,193.0,-0.47195118132761793,1.484113357641796,0.015380859375,0.0294952392578125,7.011707063323721,16663,0.2542572021484375,0.3106842041015625,0.132781982421875,0.2455902099609375,77.03997192954454,51.160458953180516,175.8465239918037,29.201385498046875,69.0,0.6223602294921875,56.61882408130313,0.1052398681640625,0.220947265625,0.23291015625,0.262451171875,0.15869140625,0.28076171875,0.265869140625,0.261474609375,0.193115234375,0.2861328125,0.30126953125,0.249755859375,0.2197265625,0.2890625,0.29248046875,0.2783203125,0.275146484375,1
IMG_20180514_165757436_HDR resized_448.jpg,140.87490844726562,32.266720835717926,141.0,2.0,253.0,88.0,195.0,-0.3114740719782442,1.3445698087585543,0.0114898681640625,0.0355072021484375,7.0048657825874345,17789,0.2714385986328125,0.3201751708984375,0.1358795166015625,0.2484893798828125,76.60575584343012,50.457818320983854,174.41330224498358,29.466232299804688,66.0,0.644012451171875,56.68860213279239,0.103515625,0.28125,0.2919921875,0.30810546875,0.241943359375,0.2724609375,0.3193359375,0.30322265625,0.284912109375,0.22412109375,0.269287109375,0.265869140625,0.2421875,0.26611328125,0.2900390625,0.253662109375,0.228515625,1
IMG_20180514_165811955_HDR resized_448.jpg,135.7455291748047,35.40904235657704,136.0,0.0,251.0,75.0,194.0,-0.2645902657569337,0.6036454136608591,0.016448974609375,0.0340728759765625,7.1662982823438925,18742,0.285980224609375,0.3193817138671875,0.183929443359375,0.274505615234375,85.87119267295927,52.92595374171713,185.26197667087544,32.874053955078125,73.0,0.6873779296875,60.46562579909192,0.12811279296875,0.30712890625,0.297119140625,0.266845703125,0.224609375,0.280517578125,0.3125,0.285400390625,0.273681640625,0.284912109375,0.302978515625,0.30517578125,0.262939453125,0.264892578125,0.2890625,0.309326171875,0.30859375,1
IMG_20180514_165823466_HDR resized_448.jpg,141.91156005859375,38.38626527770726,143.0,1.0,253.0,73.0,203.0,-0.42117431498021796,0.7616623516317436,0.0213470458984375,0.058837890625,7.266081238106516,18595,0.2837371826171875,0.3114013671875,0.194366455078125,0.2739410400390625,93.25597611456129,58.41692260931783,205.35335400231475,35.31523132324219,85.0,0.6882781982421875,62.19679546697901,0.1327362060546875,0.29541015625,0.299560546875,0.287109375,0.243896484375,0.291748046875,0.28173828125,0.26123046875,0.2236328125,0.292724609375,0.28857421875,0.2763671875,0.30078125,0.289306640625,0.31396484375,0.30126953125,0.29248046875,1
IMG_20180514_165831579_HDR resized_448.jpg,138.53585815429688,31.97915250067644,141.0,1.0,247.0,81.0,188.0,-0.5140883212721116,1.031056807463525,0.012908935546875,0.020660400390625,6.995565731081429,17823,0.2719573974609375,0.3198394775390625,0.136932373046875,0.257965087890625,74.98396030988326,45.903169588039034,163.97560794215707,27.555816650390625,64.0,0.596710205078125,56.79493243946777,0.1088104248046875,0.27197265625,0.29931640625,0.298095703125,0.29248046875,0.283203125,0.305908203125,0.300048828125,0.29150390625,0.20361328125,0.274169921875,0.275390625,0.289794921875,0.184326171875,0.235107421875,0.270263671875,0.276123046875,1
IMG_20180514_165837194_HDR resized_448.jpg,140.5504608154297,33.109000117259654,143.0,3.0,250.0,79.0,191.0,-0.6260553996102443,1.0847687342296908,0.01568603515625,0.024261474609375,7.033152945635884,17787,0.2714080810546875,0.3253021240234375,0.13067626953125,0.258087158203125,74.38560087719165,47.57204750603539,167.84516642882167,27.0374755859375,67.0,0.5673675537109375,57.36200467319426,0.109619140625,0.285888671875,0.25048828125,0.191650390625,0.2216796875,0.281982421875,0.286865234375,0.287109375,0.26318359375,0.270263671875,0.30810546875,0.312744140625,0.275634765625,0.22607421875,0.313720703125,0.31005859375,0.257080078125,1
IMG_20180514_165847101_HDR resized_448.jpg,139.73899841308594,33.479231717868,142.0,2.0,253.0,79.0,191.0,-0.6367431405401093,1.2255205135905758,0.01690673828125,0.02410888671875,7.048784537746167,17300,0.26397705078125,0.32232666015625,0.1224212646484375,0.2574310302734375,73.57178298623423,48.16424212186589,167.86303941010956,27.144561767578125,66.0,0.5760498046875,56.71000130268593,0.1065521240234375,0.2421875,0.30615234375,0.27880859375,0.24560546875,0.29931640625,0.2919921875,0.270751953125,0.230712890625,0.2890625,0.251708984375,0.25244140625,0.197021484375,0.304443359375,0.287109375,0.281982421875,0.1943359375,1
IMG_20180514_170008541_HDR resized_448.jpg,143.68128967285156,33.50883028111282,144.0,0.0,254.0,90.0,197.0,-0.6961647878955715,2.677600477239494,0.0195770263671875,0.04095458984375,6.976267825685041,15353,0.2342681884765625,0.2991943359375,0.1097412109375,0.235076904296875,75.76181480969503,55.97610769174335,186.39608294057223,29.654388427734375,72.0,0.6192474365234375,55.281546860706925,0.0892486572265625,0.297119140625,0.2626953125,0.1787109375,0.271484375,0.247802734375,0.2333984375,0.25,0.254150390625,0.231201171875,0.2587890625,0.24072265625,0.240478515625,0.23876953125,0.265869140625,0.1982421875,0.078857421875,1
IMG_20180514_170015428_HDR resized_448.jpg,140.77545166015625,36.180942089375094,143.0,0.0,253.0,72.0,197.0,-0.744986321943675,1.69158641592127,0.0260467529296875,0.0390167236328125,7.108552619014646,15650,0.238800048828125,0.3003997802734375,0.1282958984375,0.24298095703125,80.68100051120521,60.10967999960935,203.6062362816989,29.59088134765625,79.0,0.58758544921875,57.82641626976756,0.10028076171875,0.271728515625,0.280517578125,0.26171875,0.162109375,0.294189453125,0.267333984375,0.259521484375,0.20654296875,0.257568359375,0.26611328125,0.257080078125,0.171875,0.25,0.27294921875,0.178955078125,0.16259765625,1
IMG_20180514_170026184_HDR resized_448.jpg,131.9898681640625,29.785028758041932,131.0,1.0,252.0,87.0,183.0,-0.05291178233772047,1.5389609856512863,0.011138916015625,0.0176849365234375,6.882255240163822,16664,0.2542724609375,0.313140869140625,0.10833740234375,0.2361602783203125,70.01527922462981,47.29454906631612,161.45897089010822,26.964111328125,59.0,0.604278564453125,53.97617235538257,0.0997161865234375,0.260009765625,0.274169921875,0.255859375,0.232177734375,0.300048828125,0.28857421875,0.27783203125,0.249755859375,0.272216796875,0.28369140625,0.265625,0.2568359375,0.189697265625,0.1865234375,0.2548828125,0.220458984375,1
IMG_20180514_170032562_HDR resized_448.jpg,123.77316284179688,30.46335384878294,120.0,2.0,252.0,80.0,180.0,0.44863317600605584,0.8283548469866817,0.0067596435546875,0.015655517578125,6.921630994630083,17282,0.263702392578125,0.3173675537109375,0.1274566650390625,0.259979248046875,72.87832886044087,46.02024800779418,162.43152403397562,28.314682006835938,58.0,0.648590087890625,56.14604368310416,0.1230316162109375,0.257568359375,0.310302734375,0.30322265625,0.289794921875,0.270751953125,0.280029296875,0.2861328125,0.25244140625,0.255615234375,0.291259765625,0.278564453125,0.23193359375,0.193359375,0.21044921875,0.244384765625,0.263427734375,1
IMG_20180514_170039467_HDR resized_448.jpg,123.2119140625,29.570874679240536,120.0,2.0,253.0,81.0,177.0,0.2819074009727918,0.7987805159021462,0.008636474609375,0.0099029541015625,6.879670693544867,17480,0.2667236328125,0.3155517578125,0.116119384765625,0.2617950439453125,70.27075148437812,42.87466014044497,151.98519640725283,28.430801391601562,57.0,0.66058349609375,55.03885438874985,0.117919921875,0.25390625,0.273193359375,0.220703125,0.200439453125,0.2685546875,0.29052734375,0.279541015625,0.253662109375,0.30712890625,0.289794921875,0.29345703125,0.2529296875,0.28662109375,0.265625,0.288818359375,0.24267578125,1
IMG_20180514_170051550_HDR resized_448.jpg,145.95277404785156,34.51689217283281,146.0,1.0,254.0,88.0,202.0,-0.6322965467579801,2.293684159315771,0.0187530517578125,0.0532379150390625,7.0295536039849615,17223,0.2628021240234375,0.317047119140625,0.123779296875,0.2667083740234375,75.64183301301092,51.0262262893329,175.32826355154492,29.565139770507812,69.0,0.6409759521484375,55.782514499366876,0.085693359375,0.253662109375,0.285400390625,0.260498046875,0.244140625,0.28076171875,0.268310546875,0.28173828125,0.263427734375,0.279296875,0.314208984375,0.223388671875,0.259033203125,0.277099609375,0.21240234375,0.246337890625,0.255126953125,1
IMG_20180514_170055705_HDR resized_448.jpg,136.5077667236328,29.461408827280483,135.0,3.0,252.0,93.0,187.0,-0.2912019530348065,1.8598788357827472,0.0121917724609375,0.0196990966796875,6.831126259459014,15771,0.2406463623046875,0.3105010986328125,0.08148193359375,0.2169036865234375,65.63682691685611,43.94014768695614,150.05332385522155,26.31939697265625,57.0,0.60260009765625,52.88667874035495,0.0768585205078125,0.226806640625,0.2236328125,0.233154296875,0.237548828125,0.280517578125,0.2255859375,0.277099609375,0.248046875,0.279296875,0.2685546875,0.251220703125,0.23974609375,0.266357421875,0.240234375,0.22705078125,0.12548828125,1
IMG_20180514_170100812_HDR resized_448.jpg,136.78929138183594,30.134003321821023,136.0,3.0,246.0,88.0,187.0,-0.31192847463153783,1.4274492286624296,0.0117034912109375,0.0194549560546875,6.894454424950729,15585,0.2378082275390625,0.3075103759765625,0.0937652587890625,0.2213897705078125,67.22619808519535,45.03490993426568,154.434452114805,26.080276489257812,59.0,0.589599609375,53.64725724740861,0.0854034423828125,0.1796875,0.2060546875,0.1513671875,0.1875,0.25830078125,0.27099609375,0.224365234375,0.197509765625,0.30126953125,0.29052734375,0.265380859375,0.236083984375,0.299560546875,0.242919921875,0.262939453125,0.23046875,1
IMG_20180514_170105907_HDR resized_448.jpg,130.56021118164062,30.431023419878333,129.0,8.0,248.0,82.0,184.0,0.09057938328053596,0.5426141907251809,0.0076446533203125,0.0159759521484375,6.944765274292861,16390,0.250091552734375,0.31158447265625,0.1281280517578125,0.24798583984375,71.55029135192696,44.52898147273626,157.2768260107,28.270111083984375,62.0,0.631317138671875,56.2995170279299,0.110870361328125,0.273193359375,0.2734375,0.1650390625,0.09326171875,0.299560546875,0.296875,0.25732421875,0.218505859375,0.272705078125,0.28515625,0.29248046875,0.236083984375,0.226806640625,0.25634765625,0.280517578125,0.274169921875,1
IMG_20180514_170122537_HDR resized_448.jpg,134.40579223632812,31.891476756214754,133.0,2.0,253.0,83.0,191.0,-0.025603582010105937,0.8292509281147815,0.010101318359375,0.027313232421875,6.993499145991482,16761,0.2557525634765625,0.299896240234375,0.14471435546875,0.2428131103515625,76.18955769121618,47.79602700792842,166.37307474468338,29.736404418945312,65.0,0.65899658203125,56.39632292800972,0.1080322265625,0.2490234375,0.24169921875,0.272705078125,0.239013671875,0.213623046875,0.285400390625,0.280029296875,0.24560546875,0.216796875,0.28857421875,0.296630859375,0.235107421875,0.25146484375,0.22900390625,0.271484375,0.27587890625,1
IMG_20180514_170137161_HDR resized_448.jpg,123.48719787597656,32.38433285291325,121.0,2.0,254.0,74.0,181.0,0.3027756512121775,0.6166006002779496,0.0101776123046875,0.0166168212890625,7.0341666605037005,17551,0.2678070068359375,0.311248779296875,0.15289306640625,0.2617950439453125,77.7953162699856,48.37627907150854,170.5886850825178,30.398117065429688,63.0,0.683563232421875,57.99063948486926,0.132537841796875,0.2890625,0.27978515625,0.28369140625,0.2490234375,0.302734375,0.2890625,0.2509765625,0.239990234375,0.274169921875,0.281982421875,0.296630859375,0.1923828125,0.28076171875,0.289306640625,0.242431640625,0.242919921875,1
IMG_20180514_170144972_HDR resized_448.jpg,120.67472839355469,28.379120833552275,116.0,7.0,247.0,81.0,175.0,0.5865126999829071,0.8053154718088997,0.004486083984375,0.0089111328125,6.797765629002827,16318,0.248992919921875,0.3050384521484375,0.1109161376953125,0.248260498046875,68.8895803021682,41.98006568599083,148.97650821522163,28.910858154296875,57.0,0.68017578125,53.5487499255186,0.1154327392578125,0.214599609375,0.25732421875,0.249267578125,0.255615234375,0.238525390625,0.28271484375,0.2607421875,0.2373046875,0.25830078125,0.273193359375,0.224609375,0.2685546875,0.25244140625,0.2451171875,0.23681640625,0.228759765625,1
IMG_20180514_170158322_HDR resized_448.jpg,130.1333465576172,33.2414002010069,129.0,4.0,249.0,78.0,188.0,0.056779286433083095,0.25531071985707987,0.010467529296875,0.021484375,7.086975265483238,18164,0.27716064453125,0.31634521484375,0.144622802734375,0.2689971923828125,76.46603819729849,46.05309907637265,163.0828010551695,28.902969360351562,64.0,0.634796142578125,58.83417534775821,0.1301116943359375,0.215087890625,0.257080078125,0.28173828125,0.279296875,0.18798828125,0.2568359375,0.288330078125,0.294921875,0.308837890625,0.28515625,0.302978515625,0.3193359375,0.24951171875,0.264404296875,0.31982421875,0.3232421875,1
IMG_20180514_170217038_HDR resized_448.jpg,121.86402893066406,26.812198766849207,118.0,4.0,248.0,86.0,173.0,0.5542903779451767,1.0184141278093266,0.00494384765625,0.007568359375,6.708538861141385,14813,0.2260284423828125,0.3014984130859375,0.08477783203125,0.2277679443359375,64.19414827070547,40.14602328635849,141.0319112825179,26.4888916015625,53.0,0.6389617919921875,51.847876595376796,0.092041015625,0.23095703125,0.171630859375,0.211669921875,0.26220703125,0.189697265625,0.216552734375,0.249267578125,0.2470703125,0.221435546875,0.272216796875,0.203125,0.226806640625,0.2421875,0.232177734375,0.221923828125,0.217529296875,1
IMG_20180514_170355485_HDR resized_448.jpg,135.14080810546875,38.79898826278987,136.0,1.0,254.0,68.0,198.0,-0.19407521965718996,0.4847728681185277,0.0230255126953125,0.0434722900390625,7.3018327334446225,18348,0.27996826171875,0.3061065673828125,0.19085693359375,0.270965576171875,91.15622527663814,55.05592158227656,195.72812765658543,32.80293273925781,78.0,0.6502685546875,63.75772083816435,0.1455841064453125,0.271484375,0.259033203125,0.298583984375,0.281982421875,0.261962890625,0.258544921875,0.274169921875,0.29296875,0.291259765625,0.285400390625,0.29541015625,0.295654296875,0.28125,0.25390625,0.281982421875,0.2958984375,1
IMG_20180514_170400947 resized_448.jpg,130.37648010253906,46.94117726173624,131.0,0.0,253.0,47.0,209.0,-0.13107139109792315,-0.15489561112929184,0.0549163818359375,0.0723114013671875,7.573180088162838,18343,0.2798919677734375,0.300811767578125,0.2204437255859375,0.2806549072265625,108.52166501556741,66.92519909393354,235.62257910452777,41.53477478027344,101.0,0.71826171875,67.5355154920184,0.1761016845703125,0.27587890625,0.288330078125,0.258056640625,0.260498046875,0.295654296875,0.275146484375,0.27490234375,0.2470703125,0.307861328125,0.281494140625,0.288330078125,0.279296875,0.291748046875,0.29150390625,0.296630859375,0.265869140625,1
IMG_20180514_170411390_HDR resized_448.jpg,141.5766143798828,38.26161113738667,143.0,1.0,254.0,74.0,201.0,-0.4832950277783683,0.8776541775002888,0.02362060546875,0.052886962890625,7.256197553293532,17576,0.2681884765625,0.298583984375,0.1681365966796875,0.2572479248046875,89.37665940569823,57.19484330680453,199.3088054363949,33.17829895019531,82.0,0.6514739990234375,61.65875136361002,0.131317138671875,0.232666015625,0.2763671875,0.257080078125,0.24658203125,0.271728515625,0.284912109375,0.253662109375,0.24267578125,0.2705078125,0.275146484375,0.276611328125,0.2939453125,0.2646484375,0.276123046875,0.28369140625,0.28466796875,1
IMG_20180514_170416728_HDR resized_448.jpg,143.65028381347656,36.72985409202043,147.0,1.0,253.0,76.0,199.0,-0.6475206008943292,1.3452048398205863,0.021453857421875,0.046630859375,7.169394863160406,17214,0.262664794921875,0.302520751953125,0.1477813720703125,0.2518768310546875,81.71682113537287,52.56696980450667,183.4557145414353,30.645172119140625,78.0,0.6197509765625,58.89630064605741,0.113037109375,0.23486328125,0.27978515625,0.239501953125,0.2138671875,0.258056640625,0.286865234375,0.275146484375,0.271240234375,0.27099609375,0.27978515625,0.262451171875,0.291259765625,0.264404296875,0.265380859375,0.2705078125,0.238525390625,1
IMG_20180514_170423229_HDR resized_448.jpg,144.33059692382812,39.54496837820623,148.0,0.0,254.0,69.0,203.0,-0.6924114288853449,1.1475060190260837,0.02789306640625,0.0585784912109375,7.26954224290194,16407,0.2503509521484375,0.2910003662109375,0.147918701171875,0.24298095703125,84.92194093669256,56.77274274366748,197.3068675946177,31.2391357421875,82.0,0.601226806640625,60.93846859334673,0.1233978271484375,0.243408203125,0.26220703125,0.2060546875,0.27197265625,0.20849609375,0.202880859375,0.2724609375,0.275634765625,0.248779296875,0.25390625,0.25927734375,0.2568359375,0.276611328125,0.27197265625,0.259521484375,0.235595703125,1
IMG_20180514_170638485_HDR resized_448.jpg,131.80966186523438,29.14939696068853,131.0,2.0,253.0,86.0,180.0,0.0006530383937988216,0.4694978009089934,0.0054168701171875,0.0117950439453125,6.901686455260335,16875,0.2574920654296875,0.3258209228515625,0.0598297119140625,0.2316436767578125,61.32545657929785,37.365440828516995,130.11533345459327,22.441665649414062,47.0,0.5227813720703125,55.46762616751786,0.114013671875,0.268310546875,0.287109375,0.2353515625,0.21484375,0.28173828125,0.303466796875,0.242431640625,0.235595703125,0.26708984375,0.2890625,0.237060546875,0.259765625,0.251708984375,0.255859375,0.258056640625,0.232421875,1
IMG_20180514_170646586_HDR resized_448.jpg,132.24716186523438,24.066854970692425,131.0,33.0,252.0,95.0,172.0,0.20511072800524,0.6805008749782289,0.000823974609375,0.0047454833984375,6.6207581268878855,10611,0.1619110107421875,0.3097076416015625,0.0238037109375,0.1357421875,51.30412302493416,34.41460738711423,108.67612425977,19.202056884765625,40.0,0.42950439453125,50.42607659894355,0.070831298828125,0.062255859375,0.1513671875,0.161865234375,0.132080078125,0.087646484375,0.17236328125,0.228759765625,0.15478515625,0.160888671875,0.16259765625,0.1943359375,0.177490234375,0.163330078125,0.204345703125,0.204833984375,0.171630859375,1
IMG_20180514_170703597_HDR resized_448.jpg,129.61158752441406,27.274862992355047,129.0,18.0,251.0,85.0,174.0,-0.024374967784738008,-0.21052634496258316,0.0015106201171875,0.0023651123046875,6.807300879071137,17197,0.2624053955078125,0.319671630859375,0.062835693359375,0.238433837890625,62.59720331129489,36.665649615484874,129.52219886953742,22.368316650390625,50.0,0.5101318359375,55.670655275812415,0.1157073974609375,0.251708984375,0.280517578125,0.263671875,0.259765625,0.237060546875,0.289794921875,0.2685546875,0.269287109375,0.249267578125,0.25537109375,0.2744140625,0.283203125,0.241455078125,0.258056640625,0.271484375,0.244873046875,1
IMG_20180514_170708710_HDR (1) resized_448.jpg,134.2985382080078,27.424876888964935,135.0,31.0,246.0,88.0,176.0,-0.23557974392964257,-0.023682433984508755,0.000885009765625,0.003753662109375,6.80698026975328,15011,0.2290496826171875,0.307830810546875,0.0561981201171875,0.2050018310546875,60.27058094065647,36.85816633218069,129.76902558006668,20.662155151367188,48.0,0.45465087890625,54.75797138847017,0.1031951904296875,0.225830078125,0.213134765625,0.2177734375,0.135009765625,0.26123046875,0.269775390625,0.194091796875,0.218994140625,0.2685546875,0.28466796875,0.268798828125,0.162841796875,0.259765625,0.25732421875,0.192138671875,0.23486328125,1
IMG_20180514_170708710_HDR resized_448.jpg,134.2985382080078,27.424876888964935,135.0,31.0,246.0,88.0,176.0,-0.23557974392964257,-0.023682433984508755,0.000885009765625,0.003753662109375,6.80698026975328,15011,0.2290496826171875,0.307830810546875,0.0561981201171875,0.2050018310546875,60.27058094065647,36.85816633218069,129.76902558006668,20.662155151367188,48.0,0.45465087890625,54.75797138847017,0.1031951904296875,0.225830078125,0.213134765625,0.2177734375,0.135009765625,0.26123046875,0.269775390625,0.194091796875,0.218994140625,0.2685546875,0.28466796875,0.268798828125,0.162841796875,0.259765625,0.25732421875,0.192138671875,0.23486328125,1
IMG_8404 resized_448.jpg,172.28652954101562,22.36754344900707,172.0,63.0,251.0,136.0,209.0,0.003875718258123856,-0.270706264075236,0.0,0.106964111328125,6.524621014160633,11127,0.1697845458984375,0.31298828125,0.0172271728515625,0.0544586181640625,51.04452202333454,29.702038219419077,107.0420478129973,17.66278076171875,39.0,0.3663177490234375,47.16484600899525,0.0177001953125,0.156494140625,0.161376953125,0.1083984375,0.05908203125,0.232177734375,0.240234375,0.15283203125,0.109375,0.212646484375,0.182861328125,0.160400390625,0.119873046875,0.205078125,0.244873046875,0.227783203125,0.14306640625,1
IMG_8405 resized_448.jpg,127.561767578125,18.128793028511012,127.0,59.0,227.0,99.0,158.0,0.25539500967387063,0.2545062048077451,0.0,0.000885009765625,6.213550363605694,5829,0.0889434814453125,0.281890869140625,0.0043182373046875,0.1042633056640625,43.639497711551684,25.82383854481269,91.0494371207203,15.6995849609375,35.0,0.2962188720703125,42.0452227688883,0.034088134765625,0.156494140625,0.071044921875,0.009033203125,0.009033203125,0.18017578125,0.117431640625,0.0556640625,0.00732421875,0.181640625,0.114501953125,0.056884765625,0.01123046875,0.142822265625,0.1845703125,0.091552734375,0.03369140625,1
IMG_8406 resized_448.jpg,128.2650146484375,17.15597660727581,127.0,70.0,230.0,102.0,158.0,0.4041740333607511,0.5624713284711214,0.0,0.0008087158203125,6.12749979373994,3976,0.0606689453125,0.24609375,0.002197265625,0.055999755859375,38.007368102042854,23.844862164526525,82.29216244576394,13.335250854492188,30.0,0.192169189453125,39.00727810623213,0.0248565673828125,0.002197265625,0.0390625,0.006591796875,0.018310546875,0.120361328125,0.01123046875,0.008544921875,0.015869140625,0.1083984375,0.060302734375,0.015625,0.00927734375,0.181396484375,0.197509765625,0.12109375,0.054931640625,1
IMG_8407 resized_448.jpg,129.2177734375,20.763386625114457,129.0,49.0,234.0,97.0,164.0,0.15842943777196317,-0.1478558431820427,1.52587890625e-05,0.0008697509765625,6.412353432413261,9641,0.1471099853515625,0.283447265625,0.009674072265625,0.141448974609375,49.41983929015316,28.072019515906742,101.91417949406545,17.924850463867188,40.0,0.38262939453125,46.57351372434575,0.0513763427734375,0.1962890625,0.17236328125,0.085693359375,0.041259765625,0.189697265625,0.1484375,0.1796875,0.064208984375,0.2197265625,0.158203125,0.109619140625,0.138916015625,0.218505859375,0.192138671875,0.14306640625,0.095947265625,1
IMG_8412 resized_448.jpg,149.08212280273438,31.065343596036442,148.0,60.0,247.0,99.0,203.0,0.17295280924912415,-0.3629614413828719,0.0,0.0582275390625,6.987429412651135,17664,0.26953125,0.32891845703125,0.1056060791015625,0.2138519287109375,67.74528839272773,41.19166059458242,145.7737973711325,23.869827270507812,54.0,0.5336761474609375,57.33254154352227,0.1032867431640625,0.32373046875,0.295166015625,0.282470703125,0.241943359375,0.326904296875,0.321044921875,0.297119140625,0.229736328125,0.31298828125,0.28759765625,0.287841796875,0.245361328125,0.292724609375,0.25,0.17724609375,0.140625,1
IMG_8413 resized_448.jpg,151.2436981201172,32.98338660247373,151.0,56.0,252.0,97.0,206.0,0.021621281182754915,-0.568536938762362,0.0,0.0720367431640625,7.069403275555836,18716,0.28558349609375,0.3289947509765625,0.1313934326171875,0.2362518310546875,72.92925061754215,44.13705844350491,157.04617036890397,25.115447998046875,57.0,0.55419921875,58.7803546656251,0.10595703125,0.305419921875,0.315673828125,0.322998046875,0.30078125,0.306396484375,0.31103515625,0.312255859375,0.29541015625,0.30419921875,0.3115234375,0.25390625,0.239990234375,0.3095703125,0.3017578125,0.197998046875,0.180419921875,1
IMG_8414 resized_448.jpg,154.7978515625,29.757898628508816,154.0,66.0,250.0,106.0,205.0,0.07165796158734655,-0.45656540959158454,0.0,0.06787109375,6.9285239259423355,15342,0.234100341796875,0.33111572265625,0.0598602294921875,0.151397705078125,57.431214607327995,35.456015976864144,125.2836781069266,19.36663818359375,43.0,0.41265869140625,54.2748573643049,0.08245849609375,0.287353515625,0.29296875,0.20849609375,0.15771484375,0.3017578125,0.295166015625,0.264404296875,0.1923828125,0.287353515625,0.27294921875,0.23681640625,0.220458984375,0.30224609375,0.285400390625,0.067626953125,0.072509765625,1
IMG_8415 resized_448.jpg,153.0069122314453,34.46272450520478,154.0,52.0,251.0,94.0,208.0,-0.08883143375905292,-0.5571580514451999,0.0,0.0868377685546875,7.1288208487483065,19463,0.2969818115234375,0.3285369873046875,0.1832275390625,0.2585906982421875,82.70166342144779,49.13812739967862,176.10224302944013,28.790298461914062,67.0,0.61029052734375,62.061602189163345,0.1209869384765625,0.315673828125,0.306396484375,0.30810546875,0.307373046875,0.305908203125,0.326416015625,0.318603515625,0.2958984375,0.308349609375,0.301025390625,0.3037109375,0.27685546875,0.314697265625,0.2939453125,0.298583984375,0.170166015625,1
IMG_8416 resized_448.jpg,149.16969299316406,31.70217822662167,149.0,55.0,248.0,97.0,203.0,0.06984171598376471,-0.39084944815282885,0.0,0.0580596923828125,7.0201064923498215,17878,0.272796630859375,0.333099365234375,0.1180419921875,0.223175048828125,69.97135536342043,42.626982059540325,151.18862347665714,24.015243530273438,55.0,0.5326690673828125,58.25637785971303,0.106964111328125,0.333251953125,0.29443359375,0.294921875,0.207763671875,0.338134765625,0.308349609375,0.31005859375,0.23779296875,0.314697265625,0.292236328125,0.2568359375,0.235595703125,0.31005859375,0.279296875,0.18017578125,0.171142578125,1
IMG_8417 resized_448.jpg,137.02272033691406,42.739278806532305,137.0,25.0,254.0,65.0,206.0,-0.03666841555948003,-0.6721743264842255,0.0144805908203125,0.070648193359375,7.4293941234533,20914,0.319122314453125,0.34503173828125,0.1852874755859375,0.30194091796875,83.0099123573108,50.269863968194684,178.39282496782207,28.18646240234375,63.0,0.61468505859375,63.5216714699474,0.1412200927734375,0.335693359375,0.334228515625,0.336669921875,0.33251953125,0.3427734375,0.336181640625,0.3359375,0.3330078125,0.312744140625,0.334716796875,0.30859375,0.292236328125,0.3056640625,0.295166015625,0.275634765625,0.294189453125,1
IMG_8418 resized_448.jpg,137.6791229248047,40.887714105017764,138.0,26.0,253.0,70.0,204.0,-0.03608633157008395,-0.6389383878950028,0.0104217529296875,0.06182861328125,7.370063175776034,18284,0.27899169921875,0.3466949462890625,0.1163787841796875,0.252655029296875,67.69779702160604,43.244474824933654,151.32745950421557,22.528717041015625,52.0,0.4850006103515625,60.17236511726244,0.127685546875,0.33984375,0.2880859375,0.2822265625,0.1484375,0.3193359375,0.309814453125,0.327880859375,0.2890625,0.324462890625,0.3212890625,0.300537109375,0.25341796875,0.294921875,0.28515625,0.242431640625,0.136962890625,1
IMG_8419 resized_448.jpg,130.4014892578125,44.71033139145441,131.0,26.0,254.0,56.0,204.0,0.015145325443285751,-0.7238121543873071,0.0306396484375,0.0603179931640625,7.484967461379977,21430,0.326995849609375,0.3451690673828125,0.2359771728515625,0.3225860595703125,93.22191477672963,53.19092459128513,193.00259065618783,32.70123291015625,72.0,0.68292236328125,65.5578530535734,0.165771484375,0.324951171875,0.3447265625,0.319580078125,0.30615234375,0.329833984375,0.340087890625,0.345947265625,0.324462890625,0.351806640625,0.3447265625,0.325439453125,0.293701171875,0.341064453125,0.33935546875,0.324951171875,0.275146484375,1
IMG_8423 resized_448.jpg,133.41644287109375,14.683559166897222,133.0,71.0,249.0,110.0,157.0,0.13335313196083548,0.7977011342283866,0.0,0.00048828125,5.912913741063612,495,0.0075531005859375,0.1208953857421875,0.000701904296875,0.006378173828125,26.985714262886056,16.984731234453903,58.42516158177417,9.122299194335938,21.0,0.05706787109375,32.939467776182454,0.009368896484375,0.005126953125,0.008544921875,0.0,0.0,0.02587890625,0.006103515625,0.0087890625,0.0,0.037109375,0.009765625,0.0,0.0,0.008544921875,0.010986328125,0.0,0.0,1
IMG_8424 resized_448.jpg,183.091552734375,14.74207503372417,183.0,110.0,252.0,158.0,207.0,-0.13843303496407597,0.44765585175984635,0.0,0.1098175048828125,5.921271473754075,713,0.0108795166015625,0.1082000732421875,0.0,0.000244140625,26.287744020269308,16.675965192637133,57.61074524851986,8.664901733398438,21.0,0.0512542724609375,33.3535850713405,0.0,0.02978515625,0.0,0.0107421875,0.0,0.018310546875,0.0029296875,0.00244140625,0.00390625,0.0732421875,0.00537109375,0.001708984375,0.0,0.016845703125,0.0087890625,0.0,0.0,1
IMG_8426 resized_448.jpg,172.11367797851562,26.59745892858612,172.0,56.0,253.0,128.0,218.0,-0.08692559502090486,0.041882861909084745,0.0,0.1434173583984375,6.76857441852786,12621,0.1925811767578125,0.30853271484375,0.0343170166015625,0.0568389892578125,53.31464082261181,32.37522908387272,114.06138698087096,17.886459350585938,41.0,0.3732452392578125,50.983167521995604,0.0407562255859375,0.24560546875,0.189697265625,0.19189453125,0.19091796875,0.24951171875,0.192626953125,0.175537109375,0.1865234375,0.252685546875,0.19482421875,0.15673828125,0.1962890625,0.213623046875,0.1787109375,0.110595703125,0.155517578125,1
IMG_8428 resized_448.jpg,168.3908233642578,27.07899697263987,170.0,57.0,254.0,122.0,211.0,-0.23177158700240988,0.014469651075843082,0.0,0.111785888671875,6.796032488745342,17100,0.26092529296875,0.3224945068359375,0.0642547607421875,0.1356048583984375,61.47201041674636,35.085505790474606,126.9330466224378,21.220748901367188,47.0,0.4794158935546875,53.55011902502141,0.066436767578125,0.298583984375,0.29443359375,0.277099609375,0.264892578125,0.26171875,0.2626953125,0.24072265625,0.267578125,0.246826171875,0.26318359375,0.275390625,0.267822265625,0.246826171875,0.259765625,0.196533203125,0.250732421875,1
IMG_8429 resized_448.jpg,123.66551208496094,52.91194419656008,126.0,24.0,252.0,41.0,206.0,-0.011985806592450195,-1.0823594766796791,0.109466552734375,0.0714111328125,7.5990579410554275,22369,0.3413238525390625,0.34820556640625,0.313507080078125,0.343353271484375,131.76455877904095,73.6859647761314,269.7183697288442,46.338531494140625,102.0,0.7815093994140625,72.80503816064098,0.2331390380859375,0.347412109375,0.337646484375,0.360107421875,0.353759765625,0.32763671875,0.34765625,0.33251953125,0.357421875,0.3251953125,0.34423828125,0.34765625,0.35595703125,0.3125,0.334228515625,0.342041015625,0.335205078125,1
IMG_8430 resized_448.jpg,128.47923278808594,51.81375598902,132.0,24.0,249.0,43.0,208.0,-0.11113806608234668,-1.0147710882945948,0.0870819091796875,0.078857421875,7.5969618328280095,22513,0.3435211181640625,0.35162353515625,0.3077392578125,0.3438568115234375,126.1134426394507,72.43647153120865,264.0,43.34687805175781,98.0,0.76171875,72.12566175373487,0.2199859619140625,0.340087890625,0.3486328125,0.348388671875,0.3447265625,0.35986328125,0.34033203125,0.356201171875,0.345703125,0.33935546875,0.3330078125,0.34765625,0.335205078125,0.34326171875,0.335205078125,0.35107421875,0.32763671875,1
IMG_8431 resized_448.jpg,131.08578491210938,50.27118744315622,138.0,13.0,253.0,41.0,205.0,-0.2788677148166102,-0.8479383751842904,0.0818634033203125,0.06646728515625,7.5730996237164945,21883,0.3339080810546875,0.3468475341796875,0.270660400390625,0.3327178955078125,115.21646363033982,70.28856627188839,252.07935221109713,39.01719665527344,93.0,0.720306396484375,70.74264700941511,0.200592041015625,0.33642578125,0.34912109375,0.335693359375,0.314453125,0.34716796875,0.337646484375,0.33251953125,0.32470703125,0.331298828125,0.344970703125,0.3388671875,0.31591796875,0.335205078125,0.330322265625,0.333740234375,0.33447265625,1
IMG_8432 resized_448.jpg,148.95494079589844,42.82917279495323,153.0,36.0,251.0,74.0,214.0,-0.2216349736309841,-0.7408354391492753,0.0020904541015625,0.11553955078125,7.405395737721058,19417,0.2962799072265625,0.3322601318359375,0.18975830078125,0.28302001953125,84.98696421412576,52.766821054005355,186.39608294057223,28.339111328125,67.0,0.5951995849609375,63.07571144845301,0.131683349609375,0.344970703125,0.319580078125,0.239501953125,0.11376953125,0.33544921875,0.32861328125,0.321044921875,0.270751953125,0.3193359375,0.320556640625,0.3212890625,0.297607421875,0.3056640625,0.319091796875,0.284912109375,0.29833984375,1
IMG_8433 resized_448.jpg,146.390380859375,39.44337567043133,149.0,41.0,253.0,77.0,208.0,-0.1731412536477273,-0.553032708731263,0.0011138916015625,0.0820770263671875,7.313626128976399,21428,0.32696533203125,0.34405517578125,0.231658935546875,0.30657958984375,92.38066084146367,54.118940363866535,194.85892332659543,31.17724609375,70.0,0.6550445556640625,65.53379402118645,0.1487579345703125,0.33984375,0.33642578125,0.34130859375,0.32470703125,0.322021484375,0.329345703125,0.337890625,0.330322265625,0.3271484375,0.33984375,0.324462890625,0.310791015625,0.32568359375,0.32275390625,0.32763671875,0.291259765625,1
IMG_8434 resized_448.jpg,150.58750915527344,39.33158338748752,153.0,39.0,252.0,81.0,212.0,-0.19574342397414682,-0.49550533576853173,0.0008544921875,0.102813720703125,7.313626890175524,21419,0.3268280029296875,0.3450775146484375,0.2264862060546875,0.3012542724609375,91.43697477108336,53.7389101585133,192.83671849520775,30.555389404296875,69.0,0.649444580078125,64.88948261612761,0.137786865234375,0.328369140625,0.333251953125,0.339599609375,0.327880859375,0.3330078125,0.338623046875,0.336669921875,0.33203125,0.333740234375,0.320556640625,0.322265625,0.30712890625,0.3095703125,0.32763671875,0.31689453125,0.322021484375,1
IMG_8435 resized_448.jpg,147.6826934814453,39.04595208300599,149.0,42.0,254.0,79.0,210.0,-0.13699569824429061,-0.5123187657128403,0.0004730224609375,0.087249755859375,7.3055424380858955,21735,0.3316497802734375,0.3507080078125,0.2192535400390625,0.2999267578125,87.81548622210971,51.338276487902164,184.9608062887667,29.821182250976562,66.0,0.64508056640625,65.1041404160383,0.1399688720703125,0.344482421875,0.345458984375,0.3212890625,0.340087890625,0.33642578125,0.325927734375,0.33837890625,0.336181640625,0.335205078125,0.34375,0.32568359375,0.32470703125,0.327880859375,0.319091796875,0.326171875,0.315673828125,1
IMG_8436 resized_448.jpg,144.10610961914062,41.50782318166029,144.0,25.0,254.0,73.0,212.0,-0.038258784048532946,-0.5427024694112124,0.0043182373046875,0.0940093994140625,7.398091756757975,21517,0.3283233642578125,0.3499298095703125,0.22052001953125,0.301544189453125,90.04595124554466,53.112891351926585,190.40089251552234,30.621551513671875,68.0,0.65576171875,65.35139871349178,0.1445770263671875,0.33984375,0.335205078125,0.34423828125,0.33349609375,0.3310546875,0.324951171875,0.321533203125,0.317626953125,0.3251953125,0.33154296875,0.329345703125,0.318603515625,0.333251953125,0.33642578125,0.314697265625,0.316162109375,1
IMG_8437 resized_448.jpg,140.88238525390625,40.6611128976352,140.0,33.0,254.0,73.0,209.0,0.04578752391645674,-0.5169754204683659,0.00408935546875,0.0789794921875,7.3703033759648395,21009,0.3205718994140625,0.3500823974609375,0.1991424560546875,0.2874603271484375,84.73949572432883,51.204618573556495,181.99450541156455,28.551483154296875,63.0,0.621978759765625,63.755514569018146,0.140380859375,0.338623046875,0.319091796875,0.312744140625,0.30712890625,0.34423828125,0.3369140625,0.31689453125,0.26318359375,0.333251953125,0.330810546875,0.3212890625,0.300048828125,0.332763671875,0.342529296875,0.309326171875,0.3203125,1
IMG_8438 resized_448.jpg,139.83554077148438,45.02331269002794,142.0,20.0,253.0,63.0,211.0,-0.13020076058858043,-0.6472667036022797,0.0203399658203125,0.0901641845703125,7.503226134518681,21442,0.327178955078125,0.3442535400390625,0.246490478515625,0.3162841796875,100.67244905007773,59.444173474546716,213.35885264033456,33.571990966796875,77.0,0.6794281005859375,67.253201002191,0.1645965576171875,0.320068359375,0.32763671875,0.3515625,0.293701171875,0.342529296875,0.328125,0.333740234375,0.336181640625,0.318359375,0.345703125,0.3427734375,0.31640625,0.316650390625,0.328857421875,0.3203125,0.312255859375,1
IMG_8439 resized_448.jpg,145.8851776123047,42.22588295907826,147.0,32.0,252.0,73.0,213.0,-0.1332690149982339,-0.6202995314441515,0.0050048828125,0.10186767578125,7.412804464168659,21483,0.3278045654296875,0.3456878662109375,0.234100341796875,0.3104400634765625,94.97223226741444,55.630017937725896,200.53927221779023,31.233154296875,70.0,0.65350341796875,65.18696683100755,0.1409759521484375,0.333251953125,0.326904296875,0.339599609375,0.302001953125,0.34375,0.33447265625,0.335205078125,0.33642578125,0.32080078125,0.31689453125,0.32421875,0.3359375,0.311767578125,0.331787109375,0.325927734375,0.325927734375,1
IMG_8440 resized_448.jpg,145.42796325683594,43.551153849531964,148.0,34.0,253.0,69.0,213.0,-0.1747203797202755,-0.6523491229287925,0.0080108642578125,0.105621337890625,7.446382741497449,21337,0.3255767822265625,0.3387908935546875,0.2511749267578125,0.3127593994140625,101.5181293270186,59.998984948065534,215.05813167606567,34.330230712890625,77.0,0.6919403076171875,67.21346294198737,0.1604156494140625,0.321044921875,0.34130859375,0.32421875,0.3330078125,0.332763671875,0.33544921875,0.338134765625,0.32275390625,0.32958984375,0.32568359375,0.322265625,0.324462890625,0.304443359375,0.310302734375,0.317138671875,0.32666015625,1
IMG_8441 resized_448.jpg,128.265625,47.66742056581662,131.0,18.0,250.0,45.0,203.0,-0.13671803143757544,-0.7179755442046716,0.0648956298828125,0.058563232421875,7.5617105543821745,21251,0.3242645263671875,0.3360595703125,0.28668212890625,0.3262786865234375,117.70311202880633,65.91439980085774,240.7727119766517,40.79412841796875,92.0,0.738250732421875,70.1312590411645,0.1980133056640625,0.334228515625,0.33984375,0.32421875,0.33935546875,0.322998046875,0.326416015625,0.33544921875,0.32958984375,0.3095703125,0.310546875,0.312255859375,0.326416015625,0.3134765625,0.32958984375,0.327880859375,0.306396484375,1
IMG_8442 resized_448.jpg,143.3582000732422,45.67941529985077,146.0,24.0,253.0,63.0,214.0,-0.21032935280148105,-0.6157803853835118,0.0204925537109375,0.10577392578125,7.516871135645889,21537,0.3286285400390625,0.339630126953125,0.276214599609375,0.3220367431640625,113.48972280289297,65.43233385138961,236.54597861726586,38.18901062011719,89.0,0.710052490234375,68.20707670998078,0.1738433837890625,0.322265625,0.3349609375,0.337646484375,0.32373046875,0.326171875,0.3359375,0.336669921875,0.330322265625,0.318603515625,0.33447265625,0.33935546875,0.335693359375,0.318603515625,0.328125,0.325927734375,0.3095703125,1
IMG_8443 resized_448.jpg,134.13710021972656,45.81500114985053,136.0,18.0,251.0,57.0,207.0,-0.09610439163765785,-0.6812128454445419,0.0307464599609375,0.0727081298828125,7.521312846837717,21176,0.3231201171875,0.3347320556640625,0.2774810791015625,0.320068359375,112.11466817664537,63.40595906515992,230.46474784660668,38.7825927734375,88.0,0.72296142578125,69.15600641728338,0.186981201171875,0.34375,0.3505859375,0.346923828125,0.3203125,0.319091796875,0.3330078125,0.34765625,0.31689453125,0.326416015625,0.328857421875,0.3212890625,0.3046875,0.30859375,0.30029296875,0.31103515625,0.29052734375,1
IMG_8444 resized_448.jpg,153.8425750732422,40.633051870147334,157.0,46.0,254.0,80.0,216.0,-0.26896707025306044,-0.5596459447322548,0.00018310546875,0.1268463134765625,7.339943074511218,20807,0.3174896240234375,0.3321075439453125,0.256378173828125,0.3039093017578125,104.74550450958162,60.25726158404009,218.55319710466893,36.14649963378906,83.0,0.697357177734375,66.3894921369774,0.1541748046875,0.34228515625,0.330322265625,0.33544921875,0.324951171875,0.32666015625,0.322265625,0.278076171875,0.325927734375,0.31103515625,0.31298828125,0.3212890625,0.296142578125,0.300048828125,0.304931640625,0.3203125,0.3271484375,1
IMG_8445 resized_448.jpg,150.0044403076172,41.32117507649817,154.0,42.0,254.0,76.0,213.0,-0.23536557512174427,-0.6443062833920488,0.0003814697265625,0.109649658203125,7.35768855240924,20837,0.3179473876953125,0.33184814453125,0.253448486328125,0.305145263671875,103.24908705760802,59.88614341716959,216.54098919142305,35.59071350097656,82.0,0.695404052734375,67.52425676320848,0.164154052734375,0.322509765625,0.32177734375,0.3271484375,0.3388671875,0.3310546875,0.32470703125,0.336181640625,0.310791015625,0.32373046875,0.2978515625,0.330810546875,0.30078125,0.3154296875,0.30859375,0.302001953125,0.294921875,1
IMG_8446 resized_448.jpg,154.55670166015625,41.593570112658725,158.0,40.0,253.0,81.0,218.0,-0.22336426425330952,-0.7247165446980928,0.0001678466796875,0.1419677734375,7.364247330589626,20554,0.313629150390625,0.3337249755859375,0.2346038818359375,0.29290771484375,97.357370995837,57.99584012211878,208.60848446047208,33.05061340332031,78.0,0.658660888671875,64.98489067508197,0.1434326171875,0.32861328125,0.323486328125,0.30322265625,0.236083984375,0.321044921875,0.33154296875,0.32568359375,0.31396484375,0.309326171875,0.324951171875,0.32373046875,0.3251953125,0.31982421875,0.315185546875,0.322265625,0.2939453125,1
IMG_8447 resized_448.jpg,146.07305908203125,42.80057682702421,149.0,33.0,251.0,75.0,212.0,-0.11214463577806018,-0.8284466355706606,0.001251220703125,0.103515625,7.40239021572355,19313,0.2946929931640625,0.32305908203125,0.207550048828125,0.28106689453125,90.0614184551446,55.88691235648887,196.18231255979177,30.6300048828125,74.0,0.6168212890625,63.841787737439724,0.140838623046875,0.324462890625,0.321044921875,0.246826171875,0.0830078125,0.318603515625,0.316162109375,0.321533203125,0.26220703125,0.322021484375,0.32421875,0.343505859375,0.277099609375,0.3037109375,0.322021484375,0.312744140625,0.31591796875,1
IMG_8449 resized_448.jpg,124.84925842285156,43.16177769404682,114.0,41.0,254.0,70.0,208.0,0.679885613384755,-0.4076158594413588,0.00054931640625,0.0717926025390625,7.2996406633355955,12902,0.196868896484375,0.3024444580078125,0.086578369140625,0.1823883056640625,62.941838962321555,45.38253564787057,151.32745950421557,21.000503540039062,52.0,0.4320220947265625,55.59279433434824,0.116119384765625,0.130615234375,0.10009765625,0.048828125,0.054443359375,0.26806640625,0.231689453125,0.1318359375,0.0751953125,0.267578125,0.292236328125,0.24560546875,0.112548828125,0.298095703125,0.30322265625,0.322998046875,0.266845703125,1
IMG_8453 resized_448.jpg,154.46006774902344,38.068906748560124,158.0,50.0,253.0,87.0,211.0,-0.2766467037209312,-0.6728700129192591,0.0,0.11065673828125,7.237615503775167,18448,0.281494140625,0.305084228515625,0.2159271240234375,0.264434814453125,96.69906130185089,55.59942033100362,201.4931746766212,34.884521484375,84.0,0.64971923828125,65.838803304629,0.14178466796875,0.27783203125,0.27490234375,0.2958984375,0.289306640625,0.279296875,0.266845703125,0.27294921875,0.303955078125,0.2841796875,0.255615234375,0.300048828125,0.29541015625,0.28076171875,0.2509765625,0.28173828125,0.294189453125,1
IMG_8455 resized_448.jpg,152.00177001953125,38.65397743094836,155.0,38.0,252.0,84.0,210.0,-0.2537655640429888,-0.6572796135199761,0.0002593994140625,0.1015472412109375,7.267409065288881,20103,0.3067474365234375,0.3243865966796875,0.2383270263671875,0.29254150390625,98.72869395304035,56.04779139936575,203.2732151563506,33.80104064941406,77.0,0.6685638427734375,66.3328875576452,0.147674560546875,0.289794921875,0.300537109375,0.3017578125,0.3037109375,0.3095703125,0.294677734375,0.313720703125,0.30908203125,0.309326171875,0.317626953125,0.328857421875,0.306640625,0.287109375,0.3076171875,0.311767578125,0.316162109375,1
IMG_8456 resized_448.jpg,154.7480926513672,39.878394914346046,158.0,39.0,254.0,84.0,214.0,-0.2630157648686924,-0.6981728508186715,0.0002593994140625,0.130615234375,7.304904522015189,18722,0.285675048828125,0.3062744140625,0.2301483154296875,0.2740325927734375,102.0507159356385,58.88848095992761,213.13845265460665,35.29974365234375,84.0,0.657867431640625,66.78041129134589,0.1504669189453125,0.28759765625,0.267578125,0.2880859375,0.2744140625,0.2861328125,0.26708984375,0.27734375,0.30126953125,0.27978515625,0.318603515625,0.293212890625,0.301513671875,0.294677734375,0.287353515625,0.269287109375,0.27685546875,1
IMG_8462 resized_448.jpg,131.47314453125,20.330608189863277,131.0,41.0,223.0,99.0,165.0,-0.08552662713770247,0.21263610448597703,0.0001068115234375,0.000274658203125,6.3868250190571,6103,0.0931243896484375,0.29638671875,0.0061492919921875,0.0916290283203125,41.22800919891995,24.78818853690276,88.02272433866155,14.335494995117188,32.0,0.2217559814453125,44.863801929757145,0.045654296875,0.20703125,0.07568359375,0.07080078125,0.104736328125,0.251953125,0.161376953125,0.060791015625,0.111083984375,0.1005859375,0.04296875,0.008056640625,0.092529296875,0.050537109375,0.065673828125,0.02880859375,0.057373046875,1
IMG_8463 resized_448.jpg,170.7349853515625,25.126312138268666,172.0,47.0,242.0,129.0,210.0,-0.3003477048978888,0.120899818652628,1.52587890625e-05,0.11962890625,6.679162107354427,14505,0.2213287353515625,0.3352203369140625,0.0350799560546875,0.0843048095703125,53.866222881652874,31.290076501098003,112.59218419074391,18.81298828125,42.0,0.389373779296875,50.866062025888105,0.0414581298828125,0.290771484375,0.206298828125,0.17431640625,0.193115234375,0.3154296875,0.291015625,0.139404296875,0.241455078125,0.269287109375,0.25048828125,0.1884765625,0.1962890625,0.18408203125,0.2109375,0.185302734375,0.20458984375,1
IMG_8464 resized_448.jpg,172.65367126464844,22.47663526743173,173.0,65.0,241.0,135.0,208.0,-0.285897396678243,0.2722165961492773,0.0,0.106842041015625,6.522269435081286,6943,0.1059417724609375,0.297454833984375,0.0099945068359375,0.02587890625,42.050040248706026,25.82158277594268,90.52071586106685,14.409988403320312,33.0,0.2230682373046875,46.20488456232901,0.01580810546875,0.174072265625,0.062255859375,0.07861328125,0.12548828125,0.220458984375,0.150634765625,0.076416015625,0.149658203125,0.119140625,0.0595703125,0.05810546875,0.079345703125,0.071044921875,0.09814453125,0.07373046875,0.098388671875,1
IMG_8465 resized_448.jpg,173.40760803222656,25.509037754908007,175.0,52.0,248.0,130.0,212.0,-0.44448549478169463,0.2834987418044661,0.0,0.1473236083984375,6.689217916187902,15440,0.235595703125,0.3372344970703125,0.0384674072265625,0.0919647216796875,55.453874045415006,32.52925685965753,115.7410903698423,19.455337524414062,44.0,0.4049072265625,51.90816557296128,0.0458526611328125,0.241943359375,0.20654296875,0.267333984375,0.251953125,0.271240234375,0.226318359375,0.251708984375,0.1953125,0.243408203125,0.215576171875,0.2109375,0.237060546875,0.2734375,0.280029296875,0.211181640625,0.185546875,1
IMG_8466 resized_448.jpg,170.9386444091797,24.574393009103787,172.0,55.0,243.0,129.0,209.0,-0.3772014671976017,0.24996492527191316,0.0,0.111480712890625,6.644455529279561,12224,0.1865234375,0.33056640625,0.0296630859375,0.0714569091796875,51.087909319705744,30.43770116886356,108.16653826391968,17.702926635742188,41.0,0.34136962890625,50.082876502204094,0.0383148193359375,0.187744140625,0.190185546875,0.2158203125,0.218994140625,0.1875,0.1904296875,0.23828125,0.192626953125,0.18310546875,0.134521484375,0.169921875,0.19287109375,0.204345703125,0.2314453125,0.17724609375,0.0693359375,1
IMG_8467 resized_448.jpg,172.94754028320312,22.874055984610557,174.0,64.0,242.0,134.0,208.0,-0.40686622944744516,0.3849981295094165,0.0,0.1095123291015625,6.539387880228527,7666,0.116973876953125,0.3070220947265625,0.0157318115234375,0.0415802001953125,44.08360986686462,27.512422763028777,96.02083107326243,15.108200073242188,36.0,0.2386627197265625,47.265927372191356,0.02166748046875,0.123291015625,0.19921875,0.174072265625,0.153076171875,0.091552734375,0.133056640625,0.165283203125,0.077880859375,0.0849609375,0.099853515625,0.058837890625,0.115966796875,0.08740234375,0.13525390625,0.15771484375,0.01416015625,1
IMG_8468 resized_448.jpg,164.45436096191406,37.487524270296824,172.0,41.0,245.0,90.0,214.0,-0.6767961745048218,-0.31694786990722434,0.0001068115234375,0.16229248046875,7.1057161140882075,13690,0.208892822265625,0.3041534423828125,0.0526885986328125,0.151275634765625,57.27156556938139,36.60923875795735,130.29965464267354,19.594558715820312,49.0,0.3926544189453125,56.65677196719849,0.077239990234375,0.223388671875,0.244140625,0.2177734375,0.267578125,0.20654296875,0.1962890625,0.253662109375,0.276611328125,0.271240234375,0.18994140625,0.20654296875,0.188232421875,0.194580078125,0.1533203125,0.149658203125,0.102783203125,1
IMG_8469 resized_448.jpg,168.99183654785156,18.241768695236487,170.0,75.0,238.0,138.0,198.0,-0.21768318324517685,0.03996879491680305,0.0,0.0331573486328125,6.226707541157034,3958,0.060394287109375,0.3004913330078125,0.0020294189453125,0.01123046875,39.864202526255255,22.58390703456122,82.0,14.004562377929688,30.0,0.2074127197265625,42.10183799087922,0.0033416748046875,0.07421875,0.0498046875,0.0517578125,0.020751953125,0.093994140625,0.083740234375,0.041015625,0.087158203125,0.03173828125,0.061279296875,0.08740234375,0.06640625,0.08251953125,0.09326171875,0.010009765625,0.03125,1
IMG_8470 resized_448.jpg,170.37155151367188,24.78642804824158,172.0,68.0,244.0,128.0,208.0,-0.32243893515571,-0.18174780557171877,0.0,0.110595703125,6.6537587372163145,16029,0.2445831298828125,0.3394775390625,0.0422515869140625,0.1086578369140625,56.32980174998184,31.59179157495131,115.35163631262454,19.296890258789062,43.0,0.4124603271484375,52.25424249398699,0.05145263671875,0.262939453125,0.215087890625,0.25341796875,0.27001953125,0.260498046875,0.291748046875,0.293212890625,0.26904296875,0.247314453125,0.224609375,0.283203125,0.202392578125,0.20263671875,0.24169921875,0.21630859375,0.17919921875,1
IMG_8471 resized_448.jpg,171.3937225341797,24.832513851053395,173.0,64.0,243.0,128.0,209.0,-0.30794318962370104,-0.20929382295109367,0.0,0.1217041015625,6.657757861159767,17123,0.2612762451171875,0.33984375,0.0450592041015625,0.1026763916015625,56.95679859412487,31.773358712744937,116.0,19.4520263671875,43.0,0.4180755615234375,52.37925053171329,0.0528411865234375,0.246337890625,0.250732421875,0.23486328125,0.267822265625,0.271240234375,0.30322265625,0.3154296875,0.26708984375,0.256103515625,0.257568359375,0.3017578125,0.226318359375,0.220947265625,0.291015625,0.234130859375,0.23583984375,1
IMG_8472 resized_448.jpg,170.7378387451172,25.341212378098014,172.0,67.0,244.0,127.0,210.0,-0.2976710948755324,-0.22903193917620301,0.0,0.121612548828125,6.687523572565519,17109,0.2610626220703125,0.3407745361328125,0.0500640869140625,0.11566162109375,58.68499496450316,32.542481119945684,119.33147112141039,20.140716552734375,44.0,0.4382171630859375,53.18599744142487,0.05877685546875,0.259033203125,0.248046875,0.2734375,0.2822265625,0.28125,0.31689453125,0.30908203125,0.250732421875,0.273193359375,0.2763671875,0.287109375,0.180908203125,0.235595703125,0.291015625,0.22705078125,0.18505859375,1
IMG_8473 resized_448.jpg,169.9600372314453,27.187554535210758,171.0,58.0,245.0,124.0,212.0,-0.2702467219860843,-0.28474836491355715,0.0,0.13580322265625,6.788984116799002,19164,0.29241943359375,0.340179443359375,0.0879364013671875,0.1903076171875,66.98354374013141,36.140569739557804,132.74034804836094,23.494461059570312,51.0,0.53271484375,55.69756467837843,0.07806396484375,0.312744140625,0.30517578125,0.28955078125,0.296630859375,0.294189453125,0.313232421875,0.311279296875,0.283935546875,0.254150390625,0.3251953125,0.32373046875,0.246826171875,0.2666015625,0.296630859375,0.28369140625,0.275146484375,1
IMG_8474 resized_448.jpg,134.982666015625,17.618232156437884,135.0,49.0,249.0,107.0,163.0,0.16890656796514583,1.596266368886294,1.52587890625e-05,0.002349853515625,6.159201244215867,4872,0.0743408203125,0.2653656005859375,0.0056610107421875,0.0651397705078125,40.39713228570538,25.17859884524892,85.0411665018772,14.469512939453125,32.0,0.2356414794921875,39.230394014805505,0.02508544921875,0.0322265625,0.067138671875,0.059326171875,0.042236328125,0.00390625,0.06103515625,0.082763671875,0.086181640625,0.084228515625,0.057373046875,0.161865234375,0.175048828125,0.026123046875,0.0625,0.06884765625,0.11865234375,1
IMG_8475 resized_448.jpg,177.53807067871094,22.638644497754015,179.0,70.0,253.0,139.0,212.0,-0.31642074159284417,0.49701905434083526,0.0,0.143768310546875,6.530935393589594,13329,0.2033843994140625,0.308990478515625,0.0269622802734375,0.06170654296875,53.51920731296761,30.97063442815807,110.5350623105628,19.171066284179688,42.0,0.4169921875,46.730009682496735,0.0181732177734375,0.126708984375,0.193603515625,0.19384765625,0.232421875,0.205810546875,0.219970703125,0.162109375,0.248779296875,0.1708984375,0.2431640625,0.25439453125,0.219482421875,0.180419921875,0.189697265625,0.19287109375,0.219970703125,1
IMG_8476 resized_448.jpg,176.8335723876953,23.37827535895328,178.0,72.0,252.0,136.0,213.0,-0.26527977149155063,0.195019727897483,0.0,0.14849853515625,6.581485408353755,14325,0.2185821533203125,0.31475830078125,0.036376953125,0.0763702392578125,55.71552578629725,31.798652988204683,114.44867689144716,19.8067626953125,44.0,0.434326171875,48.05497945675282,0.0239410400390625,0.20166015625,0.246826171875,0.251708984375,0.229248046875,0.18701171875,0.2294921875,0.170166015625,0.21728515625,0.22509765625,0.237548828125,0.227783203125,0.259033203125,0.191650390625,0.21484375,0.20654296875,0.201416015625,1
IMG_8477 resized_448.jpg,180.56166076660156,19.792460641436953,182.0,83.0,252.0,147.0,211.0,-0.3546364413502109,0.5286944961483568,0.0,0.148162841796875,6.3359576532024935,7140,0.10894775390625,0.29119873046875,0.0103759765625,0.0225677490234375,44.49269953088559,26.259029319976403,92.9623579735368,15.599807739257812,35.0,0.2783203125,43.04912068070422,0.0055389404296875,0.069580078125,0.0732421875,0.105224609375,0.070068359375,0.0283203125,0.088134765625,0.1240234375,0.076171875,0.107177734375,0.174560546875,0.166259765625,0.181884765625,0.088134765625,0.120849609375,0.118408203125,0.151123046875,1
IMG_8478 resized_448.jpg,189.70042419433594,18.08056304637567,190.0,86.0,253.0,159.0,218.0,-0.3639830484236154,0.8623663840807385,0.0,0.27239990234375,6.201877481108763,7708,0.11761474609375,0.28173828125,0.01043701171875,0.0144500732421875,44.28329654921689,26.5662323573697,93.637599285757,15.888687133789062,36.0,0.291259765625,39.69499067755463,0.0013275146484375,0.0439453125,0.045166015625,0.064453125,0.054443359375,0.0634765625,0.112060546875,0.209716796875,0.1396484375,0.1162109375,0.1279296875,0.182373046875,0.1875,0.122314453125,0.115478515625,0.1298828125,0.167236328125,1
IMG_8479 resized_448.jpg,181.28085327148438,22.244320473210607,182.0,69.0,254.0,143.0,216.0,-0.3609455993428096,0.6135959573325263,0.0,0.186920166015625,6.503356717866449,12001,0.1831207275390625,0.2971038818359375,0.0302886962890625,0.054779052734375,53.35196190187226,32.01435172920254,113.11056537742175,19.157745361328125,43.0,0.41162109375,46.32306754720769,0.0174102783203125,0.1748046875,0.247314453125,0.251953125,0.15576171875,0.15478515625,0.1904296875,0.2392578125,0.2021484375,0.14794921875,0.193359375,0.217041015625,0.188232421875,0.115478515625,0.138671875,0.1552734375,0.157470703125,1
IMG_8480 resized_448.jpg,187.6650848388672,19.976952031641158,189.0,93.0,254.0,154.0,219.0,-0.2552734270597199,0.4894865891320843,0.0,0.2579193115234375,6.351959593241852,9250,0.141143798828125,0.271759033203125,0.0183258056640625,0.02862548828125,48.80816908780232,29.778602439595492,105.11898020814318,17.218704223632812,40.0,0.350921630859375,42.472801631600326,0.00341796875,0.130615234375,0.164306640625,0.163330078125,0.1728515625,0.15087890625,0.122802734375,0.19482421875,0.176513671875,0.140625,0.06103515625,0.19091796875,0.07568359375,0.118896484375,0.111572265625,0.182861328125,0.1005859375,1
IMG_8481 resized_448.jpg,181.99639892578125,21.856061539012654,183.0,85.0,253.0,144.0,216.0,-0.24294245567844816,0.16082434613699714,0.0,0.196563720703125,6.4867465709395145,12367,0.1887054443359375,0.3033294677734375,0.02593994140625,0.0452117919921875,52.784399159576616,30.855298635690502,110.45361017187261,18.971633911132812,42.0,0.406951904296875,45.3291569248351,0.0098419189453125,0.17431640625,0.2294921875,0.232421875,0.19482421875,0.222412109375,0.1748046875,0.195556640625,0.174072265625,0.177490234375,0.1728515625,0.16357421875,0.166748046875,0.21142578125,0.12109375,0.243896484375,0.164306640625,1
IMG_8483 resized_448.jpg,180.89413452148438,23.26634823045781,183.0,88.0,254.0,140.0,216.0,-0.3589722680103349,0.0672509900774072,0.0,0.2027740478515625,6.565035920611682,15426,0.235382080078125,0.3117523193359375,0.0421142578125,0.0839691162109375,58.02354879123297,32.76165368499146,118.74341728776997,20.34808349609375,46.0,0.4412994384765625,48.73959141513115,0.02630615234375,0.22119140625,0.263671875,0.261962890625,0.2451171875,0.263671875,0.285400390625,0.304443359375,0.241943359375,0.236083984375,0.239501953125,0.18408203125,0.227783203125,0.2080078125,0.1826171875,0.20654296875,0.194091796875,1
IMG_8484 resized_448.jpg,181.8731231689453,23.94522138133592,183.0,86.0,254.0,140.0,219.0,-0.312876826729762,0.010955203884782883,0.0,0.22613525390625,6.612519083792612,16257,0.2480621337890625,0.320556640625,0.04681396484375,0.0879669189453125,59.52938624805334,33.14677120385369,121.27654348636426,21.0037841796875,47.0,0.467437744140625,49.86480539745711,0.031768798828125,0.250244140625,0.276123046875,0.275390625,0.290283203125,0.249267578125,0.2783203125,0.298828125,0.286865234375,0.236083984375,0.252685546875,0.260498046875,0.250732421875,0.139404296875,0.184814453125,0.24169921875,0.19775390625,1
IMG_8485 resized_448.jpg,183.57154846191406,23.54608003400966,185.0,82.0,253.0,142.0,219.0,-0.3364952700518175,0.07248753766312221,0.0,0.2462615966796875,6.587021551561848,16550,0.252532958984375,0.3223419189453125,0.047637939453125,0.0858154296875,58.187150640826964,32.63119003042504,119.61605243444544,20.547531127929688,45.0,0.458404541015625,49.22374890064443,0.0262908935546875,0.233154296875,0.29248046875,0.287841796875,0.292236328125,0.25439453125,0.271728515625,0.282470703125,0.29443359375,0.248291015625,0.23876953125,0.234130859375,0.278564453125,0.202392578125,0.17822265625,0.20703125,0.244384765625,1
IMG_8486 resized_448.jpg,175.73117065429688,22.528725073539754,177.0,75.0,253.0,137.0,211.0,-0.24523446990980519,0.04113418918199807,0.0,0.133056640625,6.530620057351296,15324,0.23382568359375,0.3182220458984375,0.0284271240234375,0.0689697265625,55.33613740269402,30.813290872941195,113.13708498984761,19.848159790039062,43.0,0.443145751953125,47.593454445831085,0.021697998046875,0.24462890625,0.2841796875,0.25341796875,0.235595703125,0.23681640625,0.27587890625,0.229248046875,0.211669921875,0.2568359375,0.199951171875,0.238525390625,0.239990234375,0.2333984375,0.200439453125,0.218017578125,0.1826171875,1
IMG_8487 resized_448.jpg,172.18435668945312,24.199612714483177,173.0,69.0,254.0,131.0,210.0,-0.20853636648523788,-0.07278966070985948,0.0,0.11846923828125,6.635282846754842,16484,0.25152587890625,0.3139801025390625,0.0428009033203125,0.1120452880859375,59.39669055410435,32.897100432922635,120.51555830461794,21.260498046875,47.0,0.4770965576171875,50.173100193086725,0.0391998291015625,0.20458984375,0.28955078125,0.28564453125,0.27099609375,0.265625,0.291259765625,0.23974609375,0.22509765625,0.234375,0.246826171875,0.272705078125,0.249755859375,0.235595703125,0.219482421875,0.255859375,0.2373046875,1
IMG_8488 resized_448.jpg,183.2734375,21.83018428233672,184.0,82.0,253.0,146.0,217.0,-0.22973283697052088,0.05239074310854441,0.0,0.2200775146484375,6.485924776737562,14653,0.2235870361328125,0.3112945556640625,0.0286712646484375,0.0582122802734375,55.71319587175647,31.155878451010278,113.21660655575224,20.03271484375,44.0,0.4507293701171875,45.423008334442265,0.008026123046875,0.252685546875,0.266845703125,0.2685546875,0.24267578125,0.272216796875,0.251708984375,0.2294921875,0.22509765625,0.2138671875,0.19775390625,0.185546875,0.229736328125,0.208251953125,0.185791015625,0.192626953125,0.154541015625,1
IMG_8489 resized_448.jpg,171.97006225585938,23.491466275323873,173.0,63.0,253.0,132.0,209.0,-0.17088055593282434,-0.03952387156555481,0.0,0.109588623046875,6.5948731289929885,13915,0.2123260498046875,0.3070526123046875,0.04278564453125,0.092864990234375,56.69817135014186,32.413035049743335,117.66052864066182,20.06707763671875,45.0,0.440277099609375,48.579174763490826,0.028045654296875,0.21240234375,0.2490234375,0.241943359375,0.212158203125,0.27099609375,0.258544921875,0.20068359375,0.229736328125,0.239990234375,0.24951171875,0.17919921875,0.149169921875,0.181884765625,0.222900390625,0.143310546875,0.15576171875,1
IMG_8490 resized_448.jpg,177.48452758789062,22.404116412733686,178.0,68.0,251.0,140.0,213.0,-0.21316916251080603,0.04814972413046403,0.0,0.153656005859375,6.524502236662629,12138,0.185211181640625,0.3110504150390625,0.0283050537109375,0.0575103759765625,52.714335708698805,30.391871475877025,109.41663493271945,18.494003295898438,41.0,0.3893280029296875,46.783680774240345,0.0162811279296875,0.21875,0.232666015625,0.25048828125,0.12744140625,0.271484375,0.220458984375,0.201416015625,0.16748046875,0.218505859375,0.15087890625,0.194091796875,0.08544921875,0.23876953125,0.185791015625,0.129638671875,0.070068359375,1
IMG_8491 resized_448.jpg,185.30972290039062,18.054087964579825,186.0,88.0,253.0,154.0,213.0,-0.3623900577731045,0.4915570915977212,0.0,0.19854736328125,6.202183813065009,5293,0.0807647705078125,0.2862701416015625,0.004486083984375,0.0089111328125,40.747303576273424,23.985415038389394,85.60373823613078,14.348251342773438,31.0,0.221282958984375,40.22634292311277,0.000823974609375,0.141845703125,0.158203125,0.111572265625,0.059326171875,0.120361328125,0.073486328125,0.074462890625,0.09716796875,0.051513671875,0.10986328125,0.08544921875,0.105224609375,0.012939453125,0.0,0.019775390625,0.071044921875,1
IMG_8493 resized_448.jpg,181.49972534179688,22.46354196688493,183.0,85.0,254.0,142.0,215.0,-0.35838523042113496,0.08742753098828482,0.0,0.2024993896484375,6.516843654665708,14913,0.2275543212890625,0.3215179443359375,0.0451507568359375,0.0775146484375,57.046069122545354,32.57579280635626,117.64352935882194,19.295928955078125,43.0,0.4169464111328125,48.08186187914978,0.0226898193359375,0.251220703125,0.284423828125,0.278564453125,0.271484375,0.278076171875,0.250244140625,0.255615234375,0.25830078125,0.218017578125,0.236083984375,0.212890625,0.224365234375,0.131591796875,0.109375,0.166748046875,0.2138671875,1
IMG_8504 resized_448.jpg,132.7326202392578,18.295382868600008,131.0,53.0,252.0,105.0,165.0,0.4623462985366872,1.7692363042303443,0.0,0.002410888671875,6.16989049916304,2900,0.04425048828125,0.217315673828125,0.00390625,0.0480194091796875,35.742320289530625,22.748434463611268,79.30952023559341,14.298080444335938,30.0,0.216064453125,37.16615699641146,0.0171661376953125,0.09375,0.003173828125,0.0,0.0,0.103515625,0.051513671875,0.013427734375,0.02490234375,0.03369140625,0.064453125,0.089599609375,0.0615234375,0.05517578125,0.02978515625,0.049072265625,0.034423828125,1
IMG_8505 resized_448.jpg,175.56289672851562,19.53703302653854,174.0,70.0,253.0,146.0,210.0,0.14798044475040867,0.9273928501928461,0.0,0.100860595703125,6.296280363378177,4717,0.0719757080078125,0.255828857421875,0.0097198486328125,0.0218505859375,40.898417101465284,25.66695467114605,90.07774419910837,16.328231811523438,34.0,0.30596923828125,40.69875438849574,0.005889892578125,0.077880859375,0.1083984375,0.0458984375,0.065673828125,0.03271484375,0.11474609375,0.01318359375,0.04345703125,0.082763671875,0.1396484375,0.020751953125,0.024658203125,0.087158203125,0.116455078125,0.11083984375,0.0673828125,1
IMG_8506 resized_448.jpg,170.4757537841797,19.978820829816875,169.0,82.0,254.0,140.0,207.0,0.26751695500773764,0.821072228978859,0.0,0.07672119140625,6.330698545953397,5102,0.077850341796875,0.2654266357421875,0.0101165771484375,0.028900146484375,41.45124113722508,25.79319782393025,91.44397191723465,16.550857543945312,34.0,0.3187255859375,41.8041664418565,0.0079193115234375,0.120849609375,0.177001953125,0.12255859375,0.046630859375,0.107666015625,0.133544921875,0.04248046875,0.064453125,0.029296875,0.149169921875,0.0,0.02490234375,0.058349609375,0.13525390625,0.009765625,0.023681640625,1
IMG_8507 resized_448.jpg,174.71510314941406,23.837046130608726,174.0,51.0,254.0,136.0,216.0,-0.041557734960570296,0.6096016442010148,0.0,0.1345672607421875,6.597084412782225,9898,0.151031494140625,0.28778076171875,0.03375244140625,0.0683441162109375,51.340458295127966,32.563635296987506,114.06138698087096,20.664382934570312,43.0,0.4691162109375,46.079657998322475,0.0185699462890625,0.0869140625,0.186767578125,0.170166015625,0.07763671875,0.113037109375,0.2578125,0.146484375,0.046142578125,0.15673828125,0.197998046875,0.199951171875,0.05859375,0.184326171875,0.162109375,0.236328125,0.135498046875,1
IMG_8508 resized_448.jpg,169.01580810546875,25.80214932465453,168.0,45.0,254.0,128.0,214.25,0.07301511058173114,0.4040436504858551,3.0517578125e-05,0.117034912109375,6.714339399247902,12662,0.193206787109375,0.290496826171875,0.056182861328125,0.1114501953125,57.651260085619846,36.58016812151125,128.70703126923905,23.1737060546875,49.0,0.54217529296875,49.373994542623024,0.0319366455078125,0.18603515625,0.125732421875,0.088623046875,0.151123046875,0.209716796875,0.22509765625,0.1904296875,0.229248046875,0.208251953125,0.243408203125,0.2314453125,0.247314453125,0.1943359375,0.215576171875,0.167724609375,0.17724609375,1
IMG_8509 resized_448.jpg,168.8709716796875,22.85351785722211,168.0,43.0,253.0,133.0,207.0,-0.13096678121626548,0.9558046759818013,6.103515625e-05,0.0812530517578125,6.54066491935766,11217,0.1711578369140625,0.314971923828125,0.01812744140625,0.0554656982421875,48.93915087150834,29.637538803208372,104.04806581575652,18.532821655273438,38.0,0.3920440673828125,46.04184795453695,0.0191192626953125,0.128662109375,0.105224609375,0.183349609375,0.197265625,0.16064453125,0.12890625,0.19873046875,0.236083984375,0.223388671875,0.207763671875,0.234130859375,0.181884765625,0.189208984375,0.13525390625,0.10498046875,0.123046875,1
IMG_8510 resized_448.jpg,170.61932373046875,23.95514712154624,171.0,43.0,254.0,133.0,210.0,-0.24895004460691222,1.1159798933509713,6.103515625e-05,0.1002655029296875,6.602188532035575,11562,0.176422119140625,0.316925048828125,0.0270538330078125,0.0634613037109375,51.4988280086207,32.41231200636387,111.13955191559843,19.499160766601562,41.0,0.4158782958984375,46.45274529536628,0.020904541015625,0.084716796875,0.163330078125,0.197998046875,0.173095703125,0.230712890625,0.161376953125,0.186767578125,0.20458984375,0.230224609375,0.2158203125,0.166748046875,0.16455078125,0.18994140625,0.17236328125,0.16064453125,0.119873046875,1
IMG_8511 resized_448.jpg,167.27638244628906,27.921634788841953,167.0,42.0,253.0,122.0,214.0,-0.11822587821194804,0.4009998409726281,0.000152587890625,0.1165618896484375,6.836962892699547,16732,0.25531005859375,0.324859619140625,0.0834197998046875,0.159759521484375,65.55302012791512,39.03152180224338,139.26234236145822,24.660720825195312,52.0,0.5743560791015625,53.33336645548348,0.0653228759765625,0.26953125,0.284912109375,0.289794921875,0.2509765625,0.254638671875,0.293701171875,0.2763671875,0.235107421875,0.252685546875,0.27685546875,0.28173828125,0.227783203125,0.186767578125,0.223876953125,0.248046875,0.232177734375,1
IMG_8512 resized_448.jpg,171.5217742919922,28.32671773689007,171.0,39.0,254.0,126.0,219.0,-0.157356600629394,0.4963751766463962,0.0005035400390625,0.152191162109375,6.8544139852709565,16907,0.2579803466796875,0.324737548828125,0.0841827392578125,0.142913818359375,64.81585572876762,39.02290766913999,138.6001443000692,24.731369018554688,51.0,0.5828857421875,53.15723150751826,0.0606689453125,0.2763671875,0.278076171875,0.28125,0.2666015625,0.268798828125,0.272705078125,0.292724609375,0.209716796875,0.267578125,0.25439453125,0.26708984375,0.255126953125,0.2080078125,0.247802734375,0.257568359375,0.223876953125,1
IMG_8513 resized_448.jpg,167.59837341308594,28.2090691739009,168.0,42.0,254.0,121.0,214.0,-0.19795974512149378,0.5309653957182738,0.000244140625,0.11883544921875,6.848607230033968,17355,0.2648162841796875,0.328369140625,0.0869903564453125,0.1544189453125,64.53080201949187,39.182837125999804,137.36629830703407,24.513885498046875,52.0,0.571685791015625,52.97050052677887,0.061920166015625,0.2939453125,0.2939453125,0.31201171875,0.22802734375,0.283447265625,0.287353515625,0.289306640625,0.23681640625,0.259765625,0.30517578125,0.29052734375,0.24267578125,0.2470703125,0.259033203125,0.26708984375,0.140869140625,1
IMG_8514 resized_448.jpg,162.070556640625,33.419352859380155,163.0,29.0,254.0,104.0,215.0,-0.38450431492500303,0.4885081533045841,0.0034332275390625,0.1192626953125,7.082413816023202,18478,0.281951904296875,0.317230224609375,0.1591949462890625,0.2336578369140625,79.08082209278761,47.98898607902177,169.1685549976709,29.603515625,67.0,0.6414794921875,58.79321832105026,0.101959228515625,0.2939453125,0.3154296875,0.291259765625,0.2724609375,0.3115234375,0.308837890625,0.27490234375,0.249755859375,0.2822265625,0.275390625,0.300048828125,0.26806640625,0.256103515625,0.2958984375,0.285400390625,0.22998046875,1
IMG_8515 resized_448.jpg,156.5281524658203,36.70301276346713,159.0,23.0,253.0,90.0,214.0,-0.46256359473383246,0.4191592162331128,0.0074615478515625,0.1078338623046875,7.204525129506544,19724,0.30096435546875,0.328643798828125,0.1861572265625,0.275482177734375,86.34177297807598,52.55548392753947,187.1095935541521,33.533477783203125,78.0,0.6869049072265625,60.82557410481815,0.1197967529296875,0.301025390625,0.275390625,0.288330078125,0.26953125,0.31689453125,0.3203125,0.3017578125,0.30078125,0.2998046875,0.327880859375,0.3173828125,0.3017578125,0.320068359375,0.2900390625,0.310791015625,0.273681640625,1
IMG_8516 resized_448.jpg,171.97129821777344,32.60643699422974,174.0,31.0,254.0,113.0,222.0,-0.6365888964498775,0.9793081966379331,0.00177001953125,0.177703857421875,7.0183156809129335,17801,0.2716217041015625,0.3301544189453125,0.1253204345703125,0.200042724609375,73.58553870640644,47.86989928897278,166.05270229298668,27.40362548828125,65.0,0.58770751953125,56.890459826490456,0.081268310546875,0.2763671875,0.282470703125,0.295166015625,0.08837890625,0.3232421875,0.3017578125,0.3173828125,0.255615234375,0.315185546875,0.305419921875,0.30029296875,0.2412109375,0.255126953125,0.221923828125,0.280517578125,0.285888671875,1
IMG_8517 resized_448.jpg,123.88717651367188,28.079150394493023,119.0,27.0,249.0,87.0,181.0,0.8922796046341059,1.1907322448287117,0.0010223388671875,0.017059326171875,6.7334923436705445,12319,0.1879730224609375,0.2676239013671875,0.0914764404296875,0.1869049072265625,63.4425465525011,44.3990445785979,152.43359209832983,27.153244018554688,54.0,0.6501617431640625,49.53886141598613,0.066680908203125,0.21630859375,0.226318359375,0.202392578125,0.153564453125,0.176025390625,0.188232421875,0.20654296875,0.189453125,0.196044921875,0.1728515625,0.200927734375,0.174560546875,0.18115234375,0.169921875,0.1708984375,0.182373046875,1
IMG_8518 resized_448.jpg,181.63490295410156,28.542723993007773,178.0,75.0,255.0,140.0,236.0,0.339221685310034,-0.12655619346497504,0.0,0.23736572265625,6.820937949986457,15577,0.2376861572265625,0.29595947265625,0.1072235107421875,0.137237548828125,66.80113043161695,40.67577987295317,144.2497833620557,28.313796997070312,54.0,0.6817779541015625,51.629070568573646,0.0318145751953125,0.2431640625,0.24365234375,0.287841796875,0.21435546875,0.2529296875,0.25439453125,0.268310546875,0.1748046875,0.259765625,0.190673828125,0.245849609375,0.2197265625,0.201171875,0.228271484375,0.273681640625,0.244384765625,1
IMG_8519 resized_448.jpg,165.39544677734375,28.0874976752092,162.0,63.0,255.0,124.0,220.0,0.449170485575761,0.30221866310898493,0.0,0.1186981201171875,6.806247474938306,13919,0.2123870849609375,0.293304443359375,0.0827484130859375,0.141021728515625,62.36023655212295,39.749067570814866,140.05713120009278,26.7801513671875,51.0,0.6650238037109375,49.971765471103,0.034698486328125,0.238037109375,0.247314453125,0.224365234375,0.153076171875,0.21923828125,0.221923828125,0.226806640625,0.181396484375,0.190673828125,0.21826171875,0.243408203125,0.179931640625,0.206298828125,0.21826171875,0.24462890625,0.1845703125,1
IMG_8520 resized_448.jpg,174.06564331054688,27.167868384317114,171.0,63.0,254.0,134.0,226.0,0.43569678545605434,0.13203578054956466,0.0,0.165069580078125,6.756811346164252,14794,0.225738525390625,0.3023223876953125,0.075775146484375,0.11944580078125,60.959839802187126,38.236866175901405,135.4843164355196,26.167343139648438,49.0,0.656036376953125,48.3511644811666,0.0208892822265625,0.224365234375,0.203125,0.253662109375,0.251953125,0.260986328125,0.2119140625,0.223388671875,0.18896484375,0.235107421875,0.25390625,0.240966796875,0.1806640625,0.216552734375,0.219482421875,0.226318359375,0.220458984375,1
IMG_8521 resized_448.jpg,159.0052490234375,30.8165045855241,154.0,44.0,254.0,116.0,219.0,0.5089935613004859,0.1512358318972673,1.52587890625e-05,0.114166259765625,6.919524262986116,15070,0.229949951171875,0.2860870361328125,0.1216583251953125,0.1844482421875,71.41901685545233,45.67884199346026,159.24823389915505,30.90283203125,60.0,0.71466064453125,53.586618030350444,0.060638427734375,0.234130859375,0.195556640625,0.156982421875,0.1884765625,0.229736328125,0.24072265625,0.181884765625,0.216796875,0.302001953125,0.261962890625,0.197998046875,0.233642578125,0.2763671875,0.2666015625,0.24658203125,0.249755859375,1
IMG_8522 resized_448.jpg,162.81741333007812,31.049689841549213,160.0,26.0,253.0,116.0,217.0,-0.09218455318439554,0.6473117312187799,0.0017547607421875,0.123077392578125,6.956407721409616,16787,0.2561492919921875,0.3065643310546875,0.130706787109375,0.197357177734375,73.0572698113995,46.31120594376804,161.15210206509875,29.348480224609375,62.0,0.66131591796875,55.5131556899741,0.0748748779296875,0.25732421875,0.23779296875,0.244384765625,0.266357421875,0.26611328125,0.243896484375,0.281494140625,0.299072265625,0.251220703125,0.256591796875,0.26708984375,0.2646484375,0.225341796875,0.218505859375,0.273681640625,0.244873046875,1
IMG_8523 resized_448.jpg,160.8573455810547,30.705775103265857,158.0,22.0,253.0,115.0,215.0,0.040676577578542636,0.5342831381241773,0.0019378662109375,0.1134490966796875,6.944253602844171,16119,0.2459564208984375,0.301239013671875,0.1170654296875,0.18792724609375,71.09158772712556,45.570555696921815,157.71017720001998,28.663665771484375,59.0,0.6618499755859375,54.84053245069596,0.0718231201171875,0.21630859375,0.25,0.25439453125,0.21533203125,0.23193359375,0.27099609375,0.25927734375,0.215087890625,0.256103515625,0.257568359375,0.262939453125,0.22216796875,0.236083984375,0.27099609375,0.258544921875,0.257568359375,1
IMG_8524 resized_448.jpg,166.00559997558594,31.917579591429458,164.0,32.0,253.0,118.0,222.0,-0.05105720094625407,0.3943270865579529,0.0006866455078125,0.147186279296875,7.005853311466983,16234,0.247711181640625,0.30328369140625,0.121246337890625,0.180999755859375,71.4630894380818,46.41534454040565,159.97187170332887,29.655792236328125,63.0,0.66943359375,54.719922289313104,0.067352294921875,0.180419921875,0.243408203125,0.261962890625,0.264892578125,0.2353515625,0.286376953125,0.277099609375,0.24951171875,0.208984375,0.26953125,0.2451171875,0.235107421875,0.243408203125,0.237060546875,0.2626953125,0.262451171875,1
IMG_8525 resized_448.jpg,171.85606384277344,31.355904836257178,170.0,37.0,254.0,124.0,227.0,-0.06785485106214978,0.39700814081091984,0.00042724609375,0.1820831298828125,6.9794061397848886,16492,0.25164794921875,0.30810546875,0.1233673095703125,0.1733856201171875,71.02567763788191,45.98295174769932,159.69971822141704,29.017868041992188,60.0,0.656219482421875,54.59299356701791,0.0632476806640625,0.205810546875,0.25537109375,0.25537109375,0.2763671875,0.195068359375,0.264892578125,0.271728515625,0.27001953125,0.22998046875,0.264892578125,0.282470703125,0.2568359375,0.197998046875,0.27880859375,0.283203125,0.237548828125,1
IMG_8526 resized_448.jpg,173.00730895996094,30.6037358163987,171.0,35.0,255.0,126.0,227.0,0.008487355028666543,0.1577670893713603,0.00030517578125,0.1856689453125,6.95704325832615,16806,0.256439208984375,0.3112335205078125,0.1130523681640625,0.1711273193359375,69.35455296564959,43.4876344030348,152.1364486900515,28.051422119140625,57.0,0.6513671875,54.211125153126964,0.0609130859375,0.24462890625,0.2587890625,0.276611328125,0.23779296875,0.241943359375,0.262939453125,0.273193359375,0.249755859375,0.181396484375,0.294677734375,0.285400390625,0.268798828125,0.214599609375,0.27880859375,0.27001953125,0.263671875,1
IMG_8527 resized_448.jpg,165.68023681640625,29.57347630106842,164.0,41.0,253.0,118.0,218.0,0.050947919716683936,0.22111755292881474,9.1552734375e-05,0.1273345947265625,6.909685426797519,16419,0.2505340576171875,0.3106689453125,0.106903076171875,0.16937255859375,66.5955671842557,41.48581689479876,145.91093173576817,26.602249145507812,57.0,0.6201934814453125,53.617612325413596,0.0665740966796875,0.291259765625,0.265869140625,0.28515625,0.25390625,0.228759765625,0.234619140625,0.25927734375,0.271728515625,0.241455078125,0.216552734375,0.2841796875,0.259521484375,0.20166015625,0.217529296875,0.26806640625,0.22900390625,1
IMG_8528 resized_448.jpg,162.2877197265625,31.672160874936417,160.0,32.0,253.0,113.0,219.0,0.05639452367280608,0.23660624841149858,0.0005950927734375,0.12298583984375,7.004503888281803,16664,0.2542724609375,0.3048248291015625,0.123077392578125,0.1904754638671875,71.98879312590745,44.885249862756666,157.567445660692,29.3619384765625,62.0,0.6629180908203125,54.42540415239636,0.0689697265625,0.24951171875,0.2529296875,0.2626953125,0.284423828125,0.228515625,0.289794921875,0.29345703125,0.264404296875,0.243896484375,0.2578125,0.246337890625,0.265869140625,0.22314453125,0.2353515625,0.2412109375,0.22900390625,1
IMG_8529 resized_448.jpg,172.30894470214844,24.097851528976935,172.0,41.0,252.0,136.0,213.0,-0.47741538806094946,2.3254872272903606,0.0001220703125,0.108917236328125,6.548773567448097,10777,0.1644439697265625,0.2786712646484375,0.0474395751953125,0.0841827392578125,55.43101028536926,36.76807430965827,124.7497482917042,22.08660888671875,47.0,0.5053863525390625,45.435089987304615,0.022186279296875,0.10400390625,0.16455078125,0.12744140625,0.043701171875,0.169189453125,0.193603515625,0.19189453125,0.076904296875,0.25048828125,0.25341796875,0.232666015625,0.210693359375,0.196044921875,0.122802734375,0.147705078125,0.14599609375,1
IMG_8530 resized_448.jpg,154.9319305419922,30.378340760714398,152.0,32.0,254.0,110.0,209.0,0.10268963761706966,0.8355538812007008,0.0021820068359375,0.0794830322265625,6.915694381785246,15411,0.2351531982421875,0.2866058349609375,0.104034423828125,0.1830596923828125,71.13020689633274,46.49314107092314,157.8923684032892,28.375106811523438,59.0,0.65289306640625,53.75740428312065,0.0675048828125,0.252685546875,0.228271484375,0.214111328125,0.1875,0.2158203125,0.21826171875,0.271728515625,0.171142578125,0.253173828125,0.247314453125,0.252685546875,0.209716796875,0.279296875,0.26171875,0.2705078125,0.228515625,1
IMG_8531 resized_448.jpg,171.55728149414062,30.37998713371175,172.0,33.0,253.0,119.0,220.0,-0.6055201624529404,1.4870557829695619,0.001129150390625,0.1563568115234375,6.896918871005849,15261,0.2328643798828125,0.2991180419921875,0.0927581787109375,0.168792724609375,67.02726360745243,44.08702724315715,149.46571513226704,26.732192993164062,60.0,0.60321044921875,51.55424762346606,0.0467071533203125,0.193115234375,0.2490234375,0.225830078125,0.170654296875,0.26513671875,0.255615234375,0.23583984375,0.2138671875,0.21142578125,0.292724609375,0.263671875,0.188232421875,0.205078125,0.2919921875,0.240234375,0.223388671875,1
IMG_8532 resized_448.jpg,163.77114868164062,30.85854718231225,164.0,36.0,253.0,108.0,215.0,-0.3924661187424368,0.7843171299485427,0.0004730224609375,0.109954833984375,6.942529098514168,15739,0.2401580810546875,0.3028717041015625,0.092041015625,0.1883392333984375,66.41184412989833,41.43880291761101,144.5631342207564,26.024887084960938,57.0,0.595703125,52.59349656477601,0.05767822265625,0.197509765625,0.247314453125,0.244873046875,0.25732421875,0.255126953125,0.263671875,0.24365234375,0.272216796875,0.230712890625,0.25439453125,0.2587890625,0.302734375,0.12841796875,0.196533203125,0.24365234375,0.24560546875,1
IMG_8533 resized_448.jpg,170.94932556152344,29.895513209433062,172.0,39.0,253.0,116.0,219.0,-0.5407023553256278,1.1299637550911985,0.000396728515625,0.1482391357421875,6.882201994697656,15321,0.2337799072265625,0.30902099609375,0.081695556640625,0.1653594970703125,64.40106374342045,41.16544435601777,141.7391971192161,25.405059814453125,57.0,0.5775146484375,51.37379017557596,0.049041748046875,0.212890625,0.235595703125,0.239990234375,0.23388671875,0.275634765625,0.23681640625,0.262451171875,0.265380859375,0.205810546875,0.266357421875,0.28076171875,0.299072265625,0.1181640625,0.167724609375,0.229736328125,0.210205078125,1
IMG_20180705_130729936 resized_448.jpg,157.23390197753906,15.108969785047863,157.0,85.0,240.0,133.0,182.0,0.012554117704893009,0.2945631935965842,0.0,0.00323486328125,5.957895711570041,750,0.011444091796875,0.1790618896484375,0.000457763671875,0.004486083984375,30.278744110520236,18.21551496422491,64.28063471995279,10.713287353515625,23.0,0.0866851806640625,32.00196047113975,0.00054931640625,0.0068359375,0.01513671875,0.012451171875,0.021484375,0.003662109375,0.005615234375,0.009033203125,0.053466796875,0.006103515625,0.0068359375,0.0029296875,0.0107421875,0.020263671875,0.0,0.008544921875,0.0,0
IMG_20180705_130731751 resized_448.jpg,157.72120666503906,16.428223365099708,157.0,91.0,244.0,133.0,185.0,0.5221180977449427,1.0722634080301248,0.0,0.0161285400390625,6.048547006513489,461,0.0070343017578125,0.148284912109375,0.000213623046875,0.0017547607421875,28.65558644453133,17.084282714290033,60.8276253029822,9.894821166992188,21.0,0.0606231689453125,31.290951549695716,1.52587890625e-05,0.005126953125,0.02001953125,0.0,0.015625,0.0,0.025146484375,0.017822265625,0.017333984375,0.0,0.007568359375,0.0,0.0,0.0,0.00390625,0.0,0.0,0
IMG_20180705_130732496 resized_448.jpg,159.76869201660156,14.587853153549068,160.0,95.0,243.0,136.0,183.0,0.04758665287380642,0.08311080111528035,0.0,0.0035858154296875,5.909980515094989,323,0.0049285888671875,0.1582183837890625,0.0003509521484375,0.0014190673828125,28.78979960524673,17.060298363231208,60.876925020897694,10.189529418945312,21.0,0.0630645751953125,31.01073502510248,1.52587890625e-05,0.0,0.0,0.000732421875,0.0185546875,0.0,0.015869140625,0.019287109375,0.011962890625,0.0,0.0078125,0.0,0.0,0.0,0.004638671875,0.0,0.0,0
IMG_20180705_130732993 resized_448.jpg,160.0172119140625,14.377647400240392,160.0,101.0,242.0,137.0,183.0,0.10352473592779488,0.1893329639275878,0.0,0.0042724609375,5.887239159849086,428,0.00653076171875,0.15045166015625,0.0003509521484375,0.0018463134765625,28.64165506427063,17.1998371407864,60.8276253029822,10.129318237304688,21.0,0.0615692138671875,30.397144837318677,0.0,0.003173828125,0.0,0.0185546875,0.0107421875,0.002685546875,0.033203125,0.01708984375,0.01318359375,0.0,0.005859375,0.0,0.0,0.0,0.0,0.0,0.0,0
IMG_20180705_130733329 resized_448.jpg,166.1123046875,19.36817051284368,164.0,102.0,253.0,139.0,204.0,0.8711601972788379,1.365457634791949,0.0,0.058563232421875,6.232272740389435,338,0.005157470703125,0.1400299072265625,0.0001678466796875,0.000823974609375,28.463783921772027,17.11293443914117,60.74537019394976,9.4268798828125,21.0,0.0511322021484375,31.676288760200737,4.57763671875e-05,0.00634765625,0.00634765625,0.025146484375,0.0,0.00439453125,0.010009765625,0.01025390625,0.004638671875,0.009765625,0.0,0.0,0.0,0.0,0.0,0.0,0.005615234375,0
IMG_20180705_130733660 resized_448.jpg,167.2716827392578,18.74106056787918,166.0,104.0,252.0,140.0,200.0,0.8027819979783073,1.4928688323453674,0.0,0.0496063232421875,6.201598082116034,302,0.004608154296875,0.1390533447265625,0.0011444091796875,0.001556396484375,28.68055244772254,17.713183633333742,60.74537019394976,9.315475463867188,21.0,0.051666259765625,33.33178179785143,0.0001220703125,0.0,0.006103515625,0.008056640625,0.0,0.003662109375,0.0,0.0,0.00390625,0.009521484375,0.0,0.0,0.0,0.0,0.00634765625,0.020751953125,0.015380859375,0
IMG_20180705_130733991 resized_448.jpg,159.47825622558594,16.0121771322614,159.0,86.0,248.0,135.0,185.0,0.5956519312131652,1.7132558769387618,0.0,0.0151214599609375,6.003103395988091,283,0.0043182373046875,0.1075592041015625,0.000762939453125,0.0022430419921875,27.277591539697198,17.442013424859272,59.54829972383762,9.2900390625,20.0,0.045623779296875,30.376793886909184,7.62939453125e-05,0.0,0.012939453125,0.005859375,0.002685546875,0.00341796875,0.0,0.0,0.0009765625,0.009765625,0.0,0.0,0.0,0.0,0.009765625,0.018310546875,0.00537109375,0
IMG_20180705_130734324 resized_448.jpg,159.1973419189453,17.07638120500443,158.0,64.0,252.0,134.0,188.0,0.6289167482879672,2.0091066157247095,0.0,0.02435302734375,6.07042874493441,171,0.0026092529296875,0.096099853515625,0.000152587890625,0.001129150390625,26.07644907409761,15.869970443864066,55.83902001561048,8.892074584960938,20.0,0.039703369140625,29.00212970924966,0.000701904296875,0.0,0.022216796875,0.001220703125,0.010009765625,0.0,0.00537109375,0.0,0.0,0.0,0.0029296875,0.0,0.0,0.0,0.0,0.0,0.0,0
IMG_20180705_130734659 resized_448.jpg,153.71253967285156,14.567582862031424,154.0,95.0,250.0,130.0,177.0,0.026078078442776154,0.12450650319419143,0.0,0.0015106201171875,5.907975998402164,302,0.004608154296875,0.146087646484375,0.0001678466796875,0.0023193359375,27.74430556825416,16.560511717041333,58.412327466040935,9.863540649414062,21.0,0.0535125732421875,30.00511556561474,7.62939453125e-05,0.00537109375,0.002685546875,0.03076171875,0.021484375,0.005615234375,0.005859375,0.001953125,0.0,0.0,0.0,0.0,0.0,0.0,0.0,0.0,0.0,0
IMG_20180705_130734991 resized_448.jpg,152.837158203125,14.866724691639481,153.0,92.0,241.0,128.0,177.0,0.06078888117055614,0.1096594619622695,0.0,0.001617431640625,5.936153281345708,381,0.0058135986328125,0.1516876220703125,0.00018310546875,0.003387451171875,28.427589031908184,17.04560896126264,60.09575303577231,10.0767822265625,21.0,0.0597686767578125,30.647063953366537,0.0001068115234375,0.00830078125,0.0,0.02392578125,0.03076171875,0.008544921875,0.00390625,0.01220703125,0.0,0.00537109375,0.0,0.0,0.0,0.0,0.0,0.0,0.0,0
IMG_20180705_130735324 resized_448.jpg,153.21841430664062,14.680791154801197,153.0,88.0,238.0,129.0,177.0,0.05265471606420952,0.20671111166758616,0.0,0.0018768310546875,5.918058386790673,644,0.00982666015625,0.1592864990234375,0.000396728515625,0.0035400390625,28.633573808400733,17.186845158885564,60.74537019394976,10.253570556640625,22.0,0.06536865234375,30.691604254094692,0.000335693359375,0.002685546875,0.005859375,0.039794921875,0.043701171875,0.008056640625,0.00732421875,0.006103515625,0.014892578125,0.023193359375,0.0,0.005615234375,0.0,0.0,0.0,0.0,0.0,0
IMG_20180705_130735657 resized_448.jpg,153.92320251464844,14.401369791713877,154.0,86.0,244.0,130.0,177.0,0.05889483510413812,0.3164270660095365,0.0,0.0018463134765625,5.889854849017112,512,0.0078125,0.149139404296875,0.0004425048828125,0.004486083984375,28.447395332437186,17.186307716351553,60.74537019394976,10.1103515625,22.0,0.063568115234375,30.13147080340384,0.000152587890625,0.008544921875,0.00537109375,0.019287109375,0.03271484375,0.0,0.0048828125,0.004638671875,0.01708984375,0.02294921875,0.0,0.009521484375,0.0,0.0,0.0,0.0,0.0,0
IMG_20180705_130735989 resized_448.jpg,155.32162475585938,15.996730848784374,155.0,85.0,252.0,131.0,181.0,0.5384109057758085,1.535060074019369,0.0,0.0113525390625,6.007682656042622,656,0.010009765625,0.142913818359375,0.00067138671875,0.0027923583984375,28.763425537416254,17.22803568065894,60.876925020897694,10.0341796875,22.0,0.06378173828125,30.66918591503795,0.0001678466796875,0.010009765625,0.003173828125,0.0146484375,0.02734375,0.0,0.01025390625,0.00390625,0.0517578125,0.011474609375,0.010009765625,0.00439453125,0.00830078125,0.0048828125,0.0,0.0,0.0,0
IMG_20180705_130736323 resized_448.jpg,155.21304321289062,15.512324935164578,155.0,87.0,248.0,130.0,181.0,0.23427661687719725,0.5144495081624112,0.0,0.0051727294921875,5.9918425747999375,406,0.006195068359375,0.1535797119140625,0.0005645751953125,0.0034332275390625,29.074226117723082,17.314319467264465,61.26989472816156,10.325927734375,22.0,0.0700531005859375,31.165755547898225,0.0003509521484375,0.01220703125,0.009033203125,0.00244140625,0.006591796875,0.0,0.00390625,0.01025390625,0.0205078125,0.0,0.012939453125,0.0,0.00927734375,0.009521484375,0.00244140625,0.0,0.0,0
IMG_20180705_130736655 resized_448.jpg,152.66073608398438,15.261280730858436,153.0,79.0,241.0,128.0,177.0,0.05644654678196043,0.3397354583632963,0.0,0.0024261474609375,5.973975005654764,453,0.0069122314453125,0.157623291015625,0.0005645751953125,0.0042266845703125,29.50607668399107,17.49427890572599,61.68061906883712,10.531707763671875,22.0,0.0740509033203125,31.786178839741417,0.0004425048828125,0.0078125,0.0126953125,0.013916015625,0.009765625,0.0,0.0078125,0.010986328125,0.0029296875,0.0068359375,0.01220703125,0.001953125,0.009765625,0.00390625,0.010009765625,0.0,0.0,0
IMG_20180705_130736987 resized_448.jpg,150.06622314453125,15.007951074419173,150.0,56.0,234.0,125.0,174.0,-0.08508398924410682,0.5030618139694272,0.0,0.0013275146484375,5.946635881701589,476,0.00726318359375,0.153533935546875,0.0001068115234375,0.0050811767578125,29.032776831141078,17.49702732398515,61.220911460055866,10.450088500976562,22.0,0.0715484619140625,31.247886086100234,0.00091552734375,0.008544921875,0.004638671875,0.012451171875,0.013916015625,0.0,0.009033203125,0.010009765625,0.0,0.010009765625,0.007080078125,0.00634765625,0.004638671875,0.00439453125,0.0185546875,0.0,0.006591796875,0
IMG_20180705_130737319 resized_448.jpg,147.8135223388672,15.177157201389445,148.0,75.0,242.0,123.0,172.0,-0.0631261042064119,0.32692774889625387,0.0,0.0009613037109375,5.965245919843081,410,0.006256103515625,0.1439971923828125,0.0,0.0050506591796875,28.82466714880188,17.43525486193493,61.40032573203501,10.396774291992188,22.0,0.0706939697265625,31.867716649890745,0.001312255859375,0.00341796875,0.01025390625,0.008544921875,0.00830078125,0.01171875,0.0,0.0048828125,0.003173828125,0.015625,0.001220703125,0.005615234375,0.004150390625,0.0,0.020263671875,0.00048828125,0.00244140625,0
IMG_20180705_130737652 resized_448.jpg,148.42901611328125,15.207991869663402,148.0,68.0,237.0,124.0,173.0,0.025955878967180657,0.33658942606357467,0.0,0.0012054443359375,5.9684466215089085,403,0.0061492919921875,0.13250732421875,9.1552734375e-05,0.004669189453125,28.43958636069274,17.244552458615267,60.74537019394976,10.212417602539062,21.0,0.0630035400390625,31.658268605847077,0.0011444091796875,0.0,0.00439453125,0.00830078125,0.014892578125,0.014892578125,0.0,0.0,0.0,0.013427734375,0.0,0.01025390625,0.00732421875,0.00244140625,0.017822265625,0.004638671875,0.0,0
IMG_20180705_130737985 resized_448.jpg,150.97581481933594,15.310626811889012,151.0,81.0,233.0,126.0,176.0,0.09658529184795134,0.22652868945510374,0.0,0.0018310546875,5.979082340413094,269,0.0041046142578125,0.140625,0.0,0.0030517578125,28.468855027749786,17.240718431151496,60.8276253029822,10.079727172851562,21.0,0.0606231689453125,31.97684664881648,0.00079345703125,0.0,0.0,0.0048828125,0.007080078125,0.0,0.00537109375,0.0,0.0,0.006591796875,0.0,0.009765625,0.00341796875,0.01123046875,0.00732421875,0.0,0.010009765625,0
IMG_20180705_130738321 resized_448.jpg,150.1053924560547,14.88066598607051,150.0,67.0,222.0,126.0,174.0,0.02672876977746691,0.1321069269318702,0.0,0.001007080078125,5.937403367196948,285,0.0043487548828125,0.1322479248046875,0.00018310546875,0.003570556640625,28.210319911971432,17.018626883832404,60.0,10.121505737304688,21.0,0.0579986572265625,31.38386225834655,0.000518798828125,0.0,0.0029296875,0.00830078125,0.00634765625,0.0,0.0,0.0,0.0166015625,0.00244140625,0.0,0.009765625,0.0,0.005859375,0.00634765625,0.0,0.010986328125,0
IMG_20180705_130738655 resized_448.jpg,151.7122039794922,14.916434339895046,152.0,86.0,236.0,127.0,176.0,0.061497061747795845,0.059175059991245504,0.0,0.001495361328125,5.941067900703381,294,0.004486083984375,0.1386260986328125,0.0002288818359375,0.003021240234375,27.955227498515022,16.94125557672852,59.682493245507096,10.048675537109375,21.0,0.057769775390625,30.603763103637082,1.52587890625e-05,0.0,0.00341796875,0.00390625,0.0,0.005126953125,0.001708984375,0.0,0.012451171875,0.0,0.0029296875,0.006591796875,0.020263671875,0.0,0.00732421875,0.0,0.008056640625,0
IMG_20180705_130738987 resized_448.jpg,153.8909454345703,14.69094436166379,154.0,87.0,243.0,130.0,178.0,0.08314439999829776,0.08402477364961047,0.0,0.001922607421875,5.918481348832536,307,0.0046844482421875,0.136810302734375,0.000244140625,0.0023040771484375,27.817577453276336,16.834952642659303,59.464274989274024,10.07464599609375,21.0,0.054779052734375,29.864478412091092,0.0,0.0,0.008544921875,0.02099609375,0.0,0.0,0.002685546875,0.0,0.0,0.0,0.010009765625,0.0,0.017333984375,0.007568359375,0.0,0.00732421875,0.00048828125,0
IMG_20180705_130739321 resized_448.jpg,155.44122314453125,15.26439129860107,155.0,85.0,250.0,131.0,180.0,0.17801592037761887,0.2446380862020212,0.0,0.0038299560546875,5.970602238781225,342,0.005218505859375,0.1346435546875,0.000274658203125,0.0028839111328125,28.222622019733294,17.12390027357414,60.166435825965294,9.966384887695312,21.0,0.0550384521484375,30.36071821632674,3.0517578125e-05,0.0,0.010498046875,0.0,0.0,0.0,0.002685546875,0.004638671875,0.00732421875,0.0,0.010498046875,0.002197265625,0.029052734375,0.00830078125,0.0,0.00830078125,0.0,0
IMG_20180705_130739654 resized_448.jpg,156.5903778076172,15.125478534408723,156.0,85.0,246.0,132.0,181.0,0.15310070928427888,0.08909175241066514,0.0,0.0041046142578125,5.958637393316074,243,0.0037078857421875,0.1326904296875,0.000244140625,0.002410888671875,28.232358691350402,17.061617117962843,60.29925372672534,9.960250854492188,21.0,0.0525054931640625,30.290156250078166,0.0,0.00244140625,0.00927734375,0.0,0.0,0.0029296875,0.0,0.0,0.0,0.00537109375,0.0,0.011962890625,0.0078125,0.00732421875,0.00341796875,0.0087890625,0.0,0
IMG_20180705_130739987 resized_448.jpg,155.69515991210938,14.585252218814723,156.0,85.0,244.0,132.0,179.0,0.11641673518660539,0.07527894876747876,0.0,0.0029144287109375,5.906214721139143,195,0.0029754638671875,0.13372802734375,0.0002288818359375,0.0019073486328125,28.133379321715715,16.987606183300116,60.166435825965294,9.916671752929688,21.0,0.05084228515625,30.09382580029724,0.0,0.010986328125,0.0,0.0,0.0,0.003173828125,0.0,0.0,0.0,0.0048828125,0.0,0.018310546875,0.0,0.0,0.01025390625,0.0,0.0,0
IMG_20180705_130740323 resized_448.jpg,156.3233184814453,14.856037371558468,156.0,91.0,238.0,132.0,180.0,0.06420905517493136,0.0308959355496099,0.0,0.00299072265625,5.934588676564421,349,0.0053253173828125,0.131561279296875,0.0002288818359375,0.001861572265625,28.120067254211698,16.941616773434227,60.08327554319921,9.8236083984375,21.0,0.052764892578125,30.596302529934064,0.0,0.004638671875,0.0,0.0,0.0,0.0,0.011474609375,0.0068359375,0.01513671875,0.0,0.011474609375,0.0,0.03271484375,0.0029296875,0.0,0.0,0.0,0
IMG_20180705_130740656 resized_448.jpg,157.07252502441406,15.81029113953099,157.0,76.0,250.0,132.0,183.0,0.23497422054022776,0.44670463968034957,0.0,0.0079345703125,6.0178050193002495,339,0.0051727294921875,0.1447601318359375,0.0003662109375,0.00201416015625,28.431337699000807,17.171347446254323,60.8276253029822,9.8123779296875,21.0,0.0549163818359375,31.123609722866412,4.57763671875e-05,0.00341796875,0.0,0.0,0.0,0.00390625,0.010498046875,0.008544921875,0.01171875,0.0,0.0078125,0.003662109375,0.030517578125,0.002685546875,0.0,0.0,0.0,0
IMG_20180705_130740989 resized_448.jpg,158.6232452392578,16.145208685299167,158.0,81.0,241.0,133.0,185.0,0.20860477245860387,0.3269250777787098,0.0,0.0091400146484375,6.0500151072290915,576,0.0087890625,0.1505126953125,0.0009918212890625,0.0036468505859375,29.1089425984247,17.77208175765671,62.177166226839255,9.864578247070312,21.0,0.0589599609375,32.87653810618046,0.000335693359375,0.0,0.0,0.0,0.01220703125,0.01025390625,0.000244140625,0.017333984375,0.00830078125,0.00146484375,0.003662109375,0.0078125,0.03271484375,0.0029296875,0.017822265625,0.015869140625,0.010009765625,0
IMG_20180705_130741322 resized_448.jpg,167.10581970214844,23.371732315010465,164.0,94.0,255.0,137.0,213.0,1.593942287488102,3.881475391086158,0.0,0.0648345947265625,6.257590644967668,410,0.006256103515625,0.1464691162109375,0.0014495849609375,0.00146484375,29.3146522515571,19.463058552898605,63.63961030678928,9.359481811523438,21.0,0.0536956787109375,36.71268598700893,0.0003509521484375,0.0,0.0,0.0,0.00390625,0.01171875,0.0,0.006103515625,0.01611328125,0.015625,0.0,0.003662109375,0.011474609375,0.00244140625,0.01708984375,0.011962890625,0.0,0
IMG_20180705_130741655 resized_448.jpg,158.75094604492188,14.299088872597594,159.0,88.0,243.0,136.0,182.0,0.10537161358586772,0.09744950218555859,0.0,0.0031280517578125,5.881011200746372,118,0.001800537109375,0.126495361328125,0.0001983642578125,0.0006256103515625,27.44307126370749,16.34612592570896,58.412327466040935,9.67236328125,20.0,0.044677734375,30.862380423189016,1.52587890625e-05,0.0,0.0,0.0,0.004150390625,0.004638671875,0.00244140625,0.0,0.0,0.0,0.003173828125,0.003173828125,0.009033203125,0.002197265625,0.0,0.0,0.0,0
IMG_20180705_130741989 resized_448.jpg,162.84181213378906,17.587172613567347,162.0,91.0,251.0,137.0,194.0,0.7260630782023204,1.297907598568493,0.0,0.032135009765625,6.12389269914797,155,0.0023651123046875,0.1171417236328125,0.000213623046875,0.0005950927734375,27.082298368979735,16.213838597785603,57.723478758647246,9.243453979492188,20.0,0.0404205322265625,31.155634001574676,7.62939453125e-05,0.0,0.0,0.0,0.004150390625,0.00927734375,0.005615234375,0.005615234375,0.0,0.0,0.001708984375,0.0,0.009765625,0.0,0.001708984375,0.0,0.0,0
IMG_20180705_130742323 resized_448.jpg,160.14999389648438,15.156427974952532,160.0,90.0,246.0,136.0,185.0,0.1684519882802753,0.18856119696377593,0.0,0.0066986083984375,5.962993021780939,226,0.003448486328125,0.126312255859375,0.0003814697265625,0.0009765625,27.418850542085355,16.365982031669905,58.240879114244144,9.555633544921875,20.0,0.0444793701171875,29.79915068732027,0.0,0.003662109375,0.0068359375,0.00927734375,0.0,0.0,0.0,0.0,0.00537109375,0.0,0.011474609375,0.0,0.0048828125,0.0,0.00390625,0.0,0.009765625,0
IMG_20180705_130742655 resized_448.jpg,166.33575439453125,22.910191902513397,163.0,89.0,255.0,136.0,208.0,1.121666411163924,2.135021889630705,0.0,0.0727996826171875,6.4125978979069505,301,0.0045928955078125,0.1357879638671875,0.000244140625,0.0004119873046875,28.362318969287305,17.1153708212375,60.41522986797286,9.104721069335938,20.0,0.046966552734375,34.35066757162286,0.0004119873046875,0.0,0.0,0.013427734375,0.0029296875,0.01318359375,0.0,0.0,0.0,0.0,0.00439453125,0.00732421875,0.00927734375,0.0,0.00146484375,0.011962890625,0.009521484375,0
IMG_20180705_130742988 resized_448.jpg,166.06182861328125,23.347568828281236,163.0,94.0,255.0,135.0,216.0,1.1529232805305738,1.8075711716069245,0.0,0.0865936279296875,6.415176116454855,388,0.00592041015625,0.1435089111328125,0.000274658203125,0.000274658203125,29.285133381986313,17.508774994640337,62.03224967708329,9.418991088867188,21.0,0.053375244140625,34.08585103722255,3.0517578125e-05,0.0,0.0,0.0,0.021484375,0.006103515625,0.015869140625,0.0,0.007568359375,0.001953125,0.0,0.003173828125,0.01220703125,0.005859375,0.0,0.0126953125,0.0078125,0
IMG_20180705_130743321 resized_448.jpg,161.05398559570312,19.56635789906652,159.0,90.0,254.0,133.0,197.0,0.9085835293425877,1.819784605541165,0.0,0.042724609375,6.244606668436649,323,0.0049285888671875,0.1467437744140625,0.0002288818359375,0.0002288818359375,28.957696886498745,17.398538610066915,61.85466837676846,9.662734985351562,21.0,0.053619384765625,33.39259873887497,0.001068115234375,0.0087890625,0.0,0.0,0.007080078125,0.003662109375,0.0166015625,0.0,0.00927734375,0.0087890625,0.0,0.0,0.0,0.0,0.0,0.016845703125,0.0078125,0
IMG_20180705_130743653 resized_448.jpg,159.1385955810547,17.437011771566482,158.0,82.0,251.0,133.0,189.0,0.5458169894325442,1.0745569752771331,0.0,0.0206756591796875,6.134149423495328,370,0.005645751953125,0.14794921875,0.0,0.0009307861328125,28.575440831923313,17.122115450821195,60.876925020897694,9.99072265625,21.0,0.057037353515625,31.44845026389646,4.57763671875e-05,0.0,0.0,0.0,0.018310546875,0.000732421875,0.0,0.0166015625,0.0048828125,0.00244140625,0.005859375,0.005126953125,0.0,0.007080078125,0.005859375,0.002197265625,0.021240234375,0
IMG_20180705_130743987 resized_448.jpg,157.326171875,15.81577083246803,157.0,84.0,248.0,132.0,183.0,0.24990531576048314,0.5706790353053286,0.0,0.0075531005859375,6.015786520563195,351,0.0053558349609375,0.1607818603515625,0.0008392333984375,0.0022125244140625,28.973650913095188,17.667405084626935,61.416603659655564,10.086959838867188,21.0,0.0597686767578125,32.07210279101293,0.00042724609375,0.018310546875,0.00146484375,0.0,0.0,0.0029296875,0.0,0.007080078125,0.0,0.00341796875,0.003173828125,0.001708984375,0.001953125,0.0,0.011962890625,0.002197265625,0.031494140625,0
IMG_20180705_130744320 resized_448.jpg,157.09661865234375,16.29073835929782,157.0,88.0,237.0,131.0,184.0,0.21791385310443112,0.19980932159035492,0.0,0.0079803466796875,6.06456827901284,174,0.002655029296875,0.1612091064453125,0.0,0.001129150390625,28.580059875897938,16.97332111398727,60.41522986797286,10.041336059570312,21.0,0.0585784912109375,31.539141948727803,1.52587890625e-05,0.003173828125,0.0,0.0,0.0,0.01025390625,0.0,0.007080078125,0.0,0.0,0.00927734375,0.001953125,0.00244140625,0.0,0.00537109375,0.000244140625,0.002685546875,0
IMG_20180705_130744653 resized_448.jpg,157.8682403564453,17.679303108858253,157.0,84.0,255.0,131.0,186.0,0.7391984289350143,2.4000989063722313,0.0,0.01751708984375,6.128675683729948,331,0.0050506591796875,0.1583099365234375,0.0,0.0012664794921875,28.680091917359036,16.846766267344144,60.166435825965294,9.814544677734375,21.0,0.0547943115234375,31.972926544743384,6.103515625e-05,0.00146484375,0.010986328125,0.0,0.0,0.01806640625,0.0,0.0078125,0.0087890625,0.0,0.0,0.0029296875,0.0,0.0,0.005126953125,0.0,0.025634765625,0
IMG_20180705_130744988 resized_448.jpg,162.89088439941406,25.785864500130828,159.0,88.0,255.0,131.0,221.0,1.4248288454434817,2.648211063274715,0.0,0.078582763671875,6.453979781634764,304,0.004638671875,0.154052734375,0.0,0.0,28.446104384243952,16.96594395391591,60.166435825965294,9.421432495117188,21.0,0.05615234375,36.137753145111446,0.0001220703125,0.0,0.008544921875,0.00732421875,0.0,0.01220703125,0.00146484375,0.0048828125,0.002685546875,0.0,0.0126953125,0.00341796875,0.0,0.0,0.00537109375,0.00390625,0.01171875,0
IMG_20180705_130745320 resized_448.jpg,155.83840942382812,15.544063205509179,156.0,94.0,230.0,130.0,181.0,0.005517429680571728,0.001783934534700382,0.0,0.00286865234375,6.0010561151739115,325,0.0049591064453125,0.147979736328125,0.0,0.0023193359375,28.721810111622176,16.98839237463092,60.74537019394976,10.04620361328125,21.0,0.0596160888671875,31.70004318945843,7.62939453125e-05,0.0,0.014892578125,0.02197265625,0.008056640625,0.017578125,0.00146484375,0.00146484375,0.00244140625,0.0,0.0,0.0048828125,0.001953125,0.0,0.0,0.0,0.004638671875,0
IMG_20180705_130745654 resized_448.jpg,157.3114776611328,15.719734689013757,158.0,99.0,236.0,131.0,182.0,0.020838298936779243,0.09310857221326518,0.0,0.0043487548828125,6.016110332419904,211,0.0032196044921875,0.154937744140625,0.0,0.0016326904296875,28.42517583447753,16.793143048197916,59.682493245507096,9.94915771484375,21.0,0.055572509765625,31.179288938039445,0.0,0.0,0.007080078125,0.01025390625,0.00830078125,0.005615234375,0.00390625,0.0,0.0,0.0,0.006103515625,0.002685546875,0.007568359375,0.0,0.0,0.0,0.0,0
IMG_20180705_130745987 resized_448.jpg,156.69264221191406,15.869457757443959,157.0,92.0,253.0,131.0,182.0,0.3839866376451896,1.3976550027092767,0.0,0.0083160400390625,6.0057206075221234,285,0.0043487548828125,0.1613616943359375,0.0,0.0019683837890625,28.926316586792257,16.938127603973225,60.8276253029822,10.174530029296875,21.0,0.0603485107421875,32.526559595552456,0.000152587890625,0.0,0.003173828125,0.017333984375,0.0107421875,0.011474609375,0.00244140625,0.0,0.0,0.0,0.006103515625,0.002685546875,0.0048828125,0.0,0.0,0.0029296875,0.0078125,0
IMG_20180705_130746319 resized_448.jpg,166.3535614013672,26.293622674224384,162.0,96.0,255.0,133.0,229.0,1.4152871170608055,2.546587495779078,0.0,0.087646484375,6.448080735563606,364,0.00555419921875,0.1436004638671875,0.0006561279296875,0.0006561279296875,28.780156167049434,17.903367082612643,62.24146527838174,8.794830322265625,20.0,0.04290771484375,37.79391290119875,0.000335693359375,0.0,0.007568359375,0.010009765625,0.010009765625,0.00830078125,0.006103515625,0.0,0.0,0.0,0.0,0.018798828125,0.01318359375,0.0,0.0,0.008056640625,0.0068359375,0
IMG_20180705_130746652 resized_448.jpg,157.63783264160156,15.373878975418005,158.0,92.0,246.0,132.0,182.0,-0.04635114539643542,0.028213691723584233,0.0,0.00299072265625,5.98424831075666,310,0.004730224609375,0.153411865234375,0.0,0.001556396484375,28.217299593524487,16.622800047900647,59.464274989274024,9.872406005859375,21.0,0.053070068359375,31.486459023815268,4.57763671875e-05,0.0,0.0087890625,0.010498046875,0.0078125,0.0078125,0.0029296875,0.0,0.0,0.00341796875,0.0,0.009033203125,0.02197265625,0.0,0.0,0.00341796875,0.0,0
IMG_20180705_130746985 resized_448.jpg,158.35145568847656,17.02507320668498,158.0,87.0,242.0,130.0,187.0,0.13659672732542594,0.1316278514997138,0.0,0.0098876953125,6.131344512726194,370,0.005645751953125,0.1646575927734375,0.0,0.0014495849609375,29.308705894239758,17.17055725341628,61.741396161732524,9.960617065429688,22.0,0.0653076171875,32.832572025088986,0.0001068115234375,0.0,0.009521484375,0.0107421875,0.030029296875,0.004150390625,0.010986328125,0.0,0.0,0.003662109375,0.000732421875,0.0107421875,0.001708984375,0.0,0.00146484375,0.006591796875,0.0,0
IMG_20180705_130747318 resized_448.jpg,158.07862854003906,14.612923526226892,158.0,90.0,225.0,133.0,181.0,-0.060114970871623485,0.16819170239750791,0.0,0.0030517578125,5.911379868614261,406,0.006195068359375,0.1620025634765625,0.0,0.0023193359375,28.911692980198232,17.007233682881733,61.00819617067857,10.271270751953125,21.0,0.0629119873046875,31.10058555933326,1.52587890625e-05,0.0,0.0,0.005615234375,0.029052734375,0.00244140625,0.01318359375,0.000244140625,0.0,0.012939453125,0.00146484375,0.0087890625,0.002685546875,0.00439453125,0.017822265625,0.00048828125,0.0,0
IMG_20180705_130747652 resized_448.jpg,159.1057891845703,16.223725925063945,159.0,100.0,231.0,133.0,187.0,0.2020116545078483,0.1795638094690828,0.0,0.0093536376953125,6.06012034894847,268,0.00408935546875,0.155731201171875,0.0,0.001220703125,28.541452821143587,16.609933651500924,59.682493245507096,9.927963256835938,21.0,0.0575103759765625,32.29706223713624,0.0,0.0,0.0,0.0,0.014404296875,0.0,0.00439453125,0.010009765625,0.007080078125,0.013916015625,0.0,0.0,0.0,0.0,0.00146484375,0.013916015625,0.000244140625,0
IMG_20180705_130747985 resized_448.jpg,160.30288696289062,16.74320718329176,160.0,92.0,248.0,134.0,187.0,0.5158583741770066,1.4630039071234409,0.0,0.0196380615234375,6.070951253538511,383,0.0058441162109375,0.151519775390625,0.0,0.0010528564453125,28.649540048954652,16.69335461738535,59.93329625508679,9.728256225585938,21.0,0.0544281005859375,32.708600115250825,0.0001678466796875,0.0,0.0,0.009765625,0.0224609375,0.0,0.018310546875,0.007568359375,0.011474609375,0.0078125,0.0,0.0,0.0,0.0,0.006591796875,0.009521484375,0.0,0
IMG_20180705_130748317 resized_448.jpg,159.87083435058594,15.671612899716676,160.0,92.0,249.0,135.0,186.0,0.24138304974715097,0.6929761194690669,0.0,0.0111541748046875,6.0029314190439,434,0.006622314453125,0.1510772705078125,0.000274658203125,0.0013885498046875,28.80676415624101,17.08111130766705,60.8276253029822,9.9444580078125,21.0,0.0560150146484375,32.10891381460637,4.57763671875e-05,0.00146484375,0.010498046875,0.00244140625,0.01708984375,0.0,0.007568359375,0.009521484375,0.007080078125,0.01416015625,0.0,0.0,0.0,0.0,0.017822265625,0.018310546875,0.0,0
IMG_20180705_130748649 resized_448.jpg,159.0856170654297,15.80058405443518,159.0,94.0,248.0,134.0,185.0,0.3381754496902768,0.9481850882258387,0.0,0.012176513671875,6.006218463925392,303,0.0046234130859375,0.1461334228515625,0.0,0.00128173828125,28.404329530267812,16.60094400231466,59.481089431852205,9.915145874023438,21.0,0.052032470703125,31.734824903586833,1.52587890625e-05,0.0,0.00732421875,0.0,0.0,0.0,0.01416015625,0.01123046875,0.0,0.014892578125,0.0,0.0,0.0,0.0,0.006591796875,0.019775390625,0.0,0
IMG_8658 resized_448.jpg,152.95994567871094,28.634532119609766,155.0,38.0,252.0,102.0,195.0,-0.3412590671599298,0.10121146692450811,0.000335693359375,0.0298614501953125,6.864132302259332,17710,0.270233154296875,0.3361968994140625,0.065032958984375,0.1881103515625,60.5407771969467,34.32002522718677,123.96773773849388,20.548141479492188,45.0,0.4601898193359375,54.35118081707203,0.0861358642578125,0.3115234375,0.266357421875,0.295166015625,0.298828125,0.325927734375,0.299560546875,0.3095703125,0.296875,0.288818359375,0.307373046875,0.283935546875,0.267822265625,0.210693359375,0.223876953125,0.17236328125,0.1650390625,0
IMG_8659 resized_448.jpg,161.86474609375,29.615645235398283,164.0,39.0,253.0,109.0,205.0,-0.42370479798444016,0.2056553319005605,0.0001983642578125,0.0776824951171875,6.905832871771897,15078,0.230072021484375,0.327728271484375,0.035858154296875,0.1224517822265625,54.43731418793779,30.94856124514307,112.0758668951355,18.790740966796875,41.0,0.4058074951171875,51.636201558964565,0.057830810546875,0.184326171875,0.21044921875,0.290283203125,0.2646484375,0.18310546875,0.1953125,0.28173828125,0.2958984375,0.20751953125,0.291259765625,0.25,0.254638671875,0.251953125,0.174072265625,0.13720703125,0.208740234375,0
IMG_8660 resized_448.jpg,150.62094116210938,31.746524511319464,152.0,24.0,253.0,96.0,199.0,-0.23151667192875283,0.13045775551889527,0.0013427734375,0.043548583984375,7.021635042709714,18531,0.2827606201171875,0.335540771484375,0.1076507568359375,0.2220916748046875,67.29593042513906,38.96613147680403,141.1523999087511,22.961868286132812,51.0,0.5159912109375,54.96578368871483,0.0914459228515625,0.26611328125,0.257080078125,0.263427734375,0.296630859375,0.306640625,0.282470703125,0.233642578125,0.30517578125,0.30078125,0.28466796875,0.3115234375,0.30908203125,0.295654296875,0.279052734375,0.248046875,0.2841796875,0
IMG_8661 resized_448.jpg,163.06658935546875,30.132498389086244,166.0,33.0,252.0,109.0,206.0,-0.41009450537359604,-0.07442981137316718,0.0001983642578125,0.086761474609375,6.924210438339879,9629,0.1469268798828125,0.302581787109375,0.0188751220703125,0.067779541015625,47.53437892967215,29.140654866687584,101.83319694480774,16.19805908203125,37.0,0.3073883056640625,48.51405299813256,0.04266357421875,0.04638671875,0.0283203125,0.033935546875,0.134033203125,0.191650390625,0.097412109375,0.050537109375,0.197509765625,0.2919921875,0.22021484375,0.103759765625,0.230224609375,0.216796875,0.200927734375,0.158935546875,0.148193359375,0
IMG_8662 resized_448.jpg,158.65081787109375,29.267344313735457,161.0,40.0,252.0,107.0,201.0,-0.3784225302872085,-0.07849688700749358,0.0001983642578125,0.053253173828125,6.887337416250671,9898,0.151031494140625,0.3111724853515625,0.008514404296875,0.0599212646484375,45.838432443954844,26.17182907173083,94.62557793746889,15.547836303710938,35.0,0.28985595703125,48.35060053188486,0.0439300537109375,0.243408203125,0.08154296875,0.03955078125,0.02783203125,0.175048828125,0.1435546875,0.0751953125,0.071044921875,0.2021484375,0.2880859375,0.255859375,0.130859375,0.17529296875,0.119873046875,0.206787109375,0.180419921875,0
IMG_8663 resized_448.jpg,161.5724334716797,26.98176867884433,164.0,50.0,252.0,115.0,201.0,-0.3223082702976797,0.07292084311142277,0.0,0.0529022216796875,6.776755301289988,8668,0.13226318359375,0.307586669921875,0.006591796875,0.0487060546875,44.877932059985,25.492223857540644,92.0869154657707,15.740280151367188,34.0,0.2947235107421875,45.85568937920483,0.0264434814453125,0.16943359375,0.1279296875,0.064453125,0.028564453125,0.09619140625,0.1162109375,0.027587890625,0.028564453125,0.194091796875,0.127197265625,0.15283203125,0.229248046875,0.155029296875,0.173583984375,0.203857421875,0.221435546875,0
IMG_8664 resized_448.jpg,155.2296142578125,25.26918577930162,156.0,44.0,251.0,113.0,195.0,-0.11962391089695998,0.2450214066062788,3.0517578125e-05,0.03118896484375,6.700779538469961,6114,0.093292236328125,0.303009033203125,0.0055694580078125,0.036865234375,41.9944376968946,24.529800845575387,87.46427842267951,14.605117797851562,31.0,0.2449188232421875,44.82882415611695,0.022216796875,0.078125,0.057861328125,0.05810546875,0.193603515625,0.041748046875,0.0,0.066650390625,0.154541015625,0.062744140625,0.03662109375,0.034912109375,0.092529296875,0.186767578125,0.149658203125,0.114990234375,0.163818359375,0
IMG_8665 resized_448.jpg,157.15394592285156,24.26007872352009,158.0,34.0,252.0,116.0,195.0,-0.205198206245349,0.43208868211936124,0.0001678466796875,0.030364990234375,6.637299484459032,5181,0.0790557861328125,0.27935791015625,0.0047760009765625,0.03472900390625,38.872175636738575,23.37039116468477,83.19855767980596,14.122161865234375,30.0,0.2118682861328125,43.46375314808847,0.0199127197265625,0.066162109375,0.010986328125,0.0302734375,0.08984375,0.150390625,0.046630859375,0.0224609375,0.00341796875,0.21044921875,0.021240234375,0.029541015625,0.01025390625,0.2783203125,0.1484375,0.0126953125,0.1337890625,0
IMG_8666 resized_448.jpg,165.7936248779297,21.90149127515275,167.0,48.0,250.0,128.0,199.0,-0.3396793797830019,0.3775873474603726,1.52587890625e-05,0.0406951904296875,6.4820704161547775,4985,0.0760650634765625,0.298309326171875,0.001983642578125,0.015716552734375,40.235201758955256,22.78209190428536,82.46211251235322,13.810302734375,30.0,0.2100830078125,43.916943464766725,0.01434326171875,0.1396484375,0.09326171875,0.09033203125,0.016357421875,0.216552734375,0.1015625,0.118896484375,0.125,0.06640625,0.08837890625,0.013671875,0.0625,0.024169921875,0.0009765625,0.03173828125,0.027587890625,0
IMG_8667 resized_448.jpg,164.78228759765625,27.126929902206786,166.0,31.0,253.0,117.0,205.0,-0.3678543055243966,0.522967493356925,0.000244140625,0.07635498046875,6.786428635136863,15613,0.2382354736328125,0.3223114013671875,0.066986083984375,0.136322021484375,59.23378584421211,35.48452725998689,126.57013865837392,19.830535888671875,45.0,0.4279632568359375,50.22362782078778,0.04522705078125,0.2880859375,0.27294921875,0.28955078125,0.298828125,0.29248046875,0.285888671875,0.2470703125,0.24462890625,0.28076171875,0.21484375,0.1748046875,0.230224609375,0.2119140625,0.129638671875,0.17529296875,0.1748046875,0
IMG_8668 resized_448.jpg,165.27536010742188,21.271354752634174,166.0,60.0,249.0,129.0,198.0,-0.26885719230699345,0.4823169305761974,0.0,0.0392303466796875,6.4445957228085575,3735,0.0569915771484375,0.27825927734375,0.0021209716796875,0.0100555419921875,38.10841718599974,22.56277061228961,78.43787331083792,12.806564331054688,28.0,0.1716766357421875,42.758593986832814,0.0126800537109375,0.163330078125,0.126220703125,0.082763671875,0.08984375,0.089111328125,0.041015625,0.01171875,0.028564453125,0.06298828125,0.007080078125,0.03466796875,0.03955078125,0.0,0.031005859375,0.082275390625,0.021728515625,0
IMG_8669 resized_448.jpg,165.44908142089844,20.63650250569226,167.0,50.0,250.0,129.0,196.0,-0.4861467857288847,0.6678150945996175,0.0,0.0266571044921875,6.379839401450521,4792,0.0731201171875,0.2801971435546875,0.00213623046875,0.01239013671875,39.387044327514815,22.446630701845645,81.15417426109393,13.188034057617188,29.0,0.1956329345703125,43.10441419478349,0.0119781494140625,0.165771484375,0.08056640625,0.091796875,0.133056640625,0.095458984375,0.108154296875,0.09814453125,0.09033203125,0.077880859375,0.076904296875,0.0244140625,0.043701171875,0.054443359375,0.0146484375,0.00537109375,0.00927734375,0
IMG_8670 resized_448.jpg,164.7975616455078,23.651143217090496,167.0,44.0,249.0,122.0,199.0,-0.5339260695883963,0.543651054143445,1.52587890625e-05,0.040252685546875,6.569892979196986,9207,0.1404876708984375,0.306610107421875,0.0093841552734375,0.038970947265625,45.17648399606226,26.1063919049444,94.1010055099141,15.4935302734375,34.0,0.2877349853515625,46.906101664086464,0.0306396484375,0.237548828125,0.192626953125,0.16845703125,0.1728515625,0.2197265625,0.205322265625,0.21044921875,0.15576171875,0.029052734375,0.060791015625,0.042724609375,0.205810546875,0.021484375,0.02880859375,0.0947265625,0.20166015625,0
IMG_8671 resized_448.jpg,162.83551025390625,28.91433923990086,166.0,43.0,252.0,111.0,205.0,-0.4526761346263517,0.04856914924786704,3.0517578125e-05,0.0740203857421875,6.865195707668169,16198,0.247161865234375,0.32733154296875,0.0554046630859375,0.1380615234375,56.97312385027467,32.635030947172446,117.72000679578642,19.446426391601562,43.0,0.431121826171875,54.35309561246143,0.070831298828125,0.281494140625,0.27978515625,0.18701171875,0.248046875,0.330322265625,0.31591796875,0.283203125,0.258544921875,0.329833984375,0.299072265625,0.2431640625,0.120361328125,0.30078125,0.20166015625,0.111572265625,0.163818359375,0
IMG_8672 resized_448.jpg,155.8369140625,24.453547737928137,157.0,29.0,252.0,114.0,193.0,-0.25209312683558394,0.8701305869303981,0.000244140625,0.0281829833984375,6.6346163496975805,12569,0.1917877197265625,0.3149566650390625,0.0260009765625,0.102996826171875,50.55387603868303,30.165233782210137,108.0,17.129150390625,39.0,0.34027099609375,47.90049355046708,0.040313720703125,0.295654296875,0.233642578125,0.1552734375,0.15380859375,0.26708984375,0.212646484375,0.19287109375,0.219970703125,0.256103515625,0.201904296875,0.1171875,0.153564453125,0.241455078125,0.139404296875,0.155029296875,0.072998046875,0
IMG_8673 resized_448.jpg,168.20059204101562,24.614320254932455,168.0,39.0,252.0,127.0,207.0,-0.19376261461768268,0.09479852864428517,1.52587890625e-05,0.0955810546875,6.656945540198961,9340,0.14251708984375,0.2962493896484375,0.00994873046875,0.04534912109375,45.881322209126246,27.15733734299239,97.58073580374356,14.913406372070312,35.0,0.2681732177734375,45.21500449437308,0.0188751220703125,0.234130859375,0.158935546875,0.1396484375,0.12646484375,0.083984375,0.205078125,0.024658203125,0.14697265625,0.1923828125,0.180908203125,0.13818359375,0.135009765625,0.2626953125,0.140869140625,0.0673828125,0.04296875,0
IMG_8674 resized_448.jpg,168.0539093017578,26.336642764642182,169.0,44.0,253.0,123.0,210.0,-0.20176472853851918,-0.2862319916830396,1.52587890625e-05,0.11456298828125,6.748546553408657,6999,0.1067962646484375,0.2973480224609375,0.006500244140625,0.03106689453125,42.399231138404915,24.635597237832357,89.19641248391103,14.3802490234375,32.0,0.2457122802734375,44.991477906208154,0.0174560546875,0.2255859375,0.07470703125,0.02490234375,0.009033203125,0.191650390625,0.087158203125,0.089111328125,0.024658203125,0.175537109375,0.181640625,0.06494140625,0.063232421875,0.12451171875,0.224853515625,0.030029296875,0.1171875,0
IMG_8675 resized_448.jpg,171.5716552734375,25.90465538186967,173.0,47.0,253.0,126.0,212.0,-0.33193477201045474,-0.0940706948707204,1.52587890625e-05,0.1346435546875,6.719613856126624,6702,0.102264404296875,0.2837371826171875,0.00628662109375,0.0276947021484375,40.8352231547258,24.381202092594165,87.31551981177229,13.841934204101562,32.0,0.2175750732421875,44.48864789066937,0.017425537109375,0.087890625,0.00146484375,0.00732421875,0.005615234375,0.250244140625,0.12060546875,0.013427734375,0.007080078125,0.243896484375,0.169921875,0.118896484375,0.032958984375,0.200439453125,0.18896484375,0.054931640625,0.132568359375,0
IMG_8676 resized_448.jpg,151.89744567871094,31.362533155137253,153.0,38.0,253.0,98.0,201.0,-0.15454555381728102,-0.2778711346100571,0.000213623046875,0.051116943359375,7.006972829782622,17588,0.26837158203125,0.3431549072265625,0.05743408203125,0.1775054931640625,59.007803106519624,32.87890199236973,120.33287165193059,20.407669067382812,44.0,0.466583251953125,56.32386420803094,0.0940399169921875,0.299560546875,0.305908203125,0.20068359375,0.210693359375,0.3359375,0.3251953125,0.212890625,0.18798828125,0.32080078125,0.309814453125,0.26220703125,0.239013671875,0.25244140625,0.28857421875,0.281982421875,0.26025390625,0
IMG_8677 resized_448.jpg,155.54248046875,24.017959784026587,156.0,45.0,254.0,115.0,193.0,-0.1497956554721686,0.4929659530936976,3.0517578125e-05,0.0274658203125,6.621442527768732,8381,0.1278839111328125,0.305389404296875,0.010589599609375,0.0590667724609375,44.55956899110503,26.352512454134427,94.37160589923221,16.046905517578125,34.0,0.2990570068359375,46.75585966838213,0.0365142822265625,0.22509765625,0.2294921875,0.06787109375,0.043212890625,0.256591796875,0.145751953125,0.012451171875,0.03369140625,0.238037109375,0.0732421875,0.0771484375,0.122314453125,0.177490234375,0.078857421875,0.065673828125,0.19921875,0
IMG_8678 resized_448.jpg,154.09634399414062,26.317287760541,155.0,42.0,249.0,109.0,195.0,-0.21471732114813924,0.2945191761818373,0.0002288818359375,0.031463623046875,6.7552084967028065,13067,0.1993865966796875,0.3284912109375,0.0260467529296875,0.107177734375,50.990117039601635,29.48222046696496,106.30145812734649,17.473922729492188,38.0,0.3623046875,50.5841255381916,0.0587310791015625,0.260498046875,0.256103515625,0.212158203125,0.181640625,0.31396484375,0.22802734375,0.185302734375,0.13525390625,0.22900390625,0.195556640625,0.08935546875,0.091796875,0.289794921875,0.271240234375,0.20556640625,0.044921875,0
IMG_8679 resized_448.jpg,151.83802795410156,28.058837017212525,154.0,34.0,245.0,100.0,194.0,-0.4522840520398938,0.3247391480036681,0.0003204345703125,0.027069091796875,6.825430694754723,5047,0.0770111083984375,0.2545166015625,0.0063629150390625,0.0497589111328125,38.77892865341445,24.251458937734583,85.99127848011699,13.784957885742188,31.0,0.211883544921875,45.16023145271453,0.03173828125,0.078857421875,0.0205078125,0.058837890625,0.027099609375,0.0400390625,0.03076171875,0.003662109375,0.017822265625,0.039794921875,0.025390625,0.0166015625,0.032470703125,0.20751953125,0.24755859375,0.242919921875,0.142333984375,0
IMG_8680 resized_448.jpg,160.6618194580078,25.352795708837036,161.0,39.0,253.0,118.0,202.0,-0.17990218131211572,0.2927433967195725,4.57763671875e-05,0.0540924072265625,6.703327302402167,4026,0.061431884765625,0.27764892578125,0.0012664794921875,0.01739501953125,38.492956603916866,23.27476237510253,80.049984384758,13.45013427734375,28.0,0.1939544677734375,43.87320097690646,0.01727294921875,0.04150390625,0.034912109375,0.046875,0.06689453125,0.091796875,0.102294921875,0.041748046875,0.031494140625,0.0927734375,0.009765625,0.003662109375,0.055908203125,0.042236328125,0.068603515625,0.064453125,0.18798828125,0
IMG_8681 resized_448.jpg,172.56463623046875,18.80708116359471,173.0,66.0,251.0,140.0,202.0,-0.23150688658676866,0.42127972124852375,0.0,0.05743408203125,6.269013717286867,2284,0.03485107421875,0.2438812255859375,0.00152587890625,0.0064239501953125,34.496356074210134,20.64048191717386,73.348483283569,12.047927856445312,27.0,0.144287109375,40.230301433259264,0.0045013427734375,0.170654296875,0.060302734375,0.01416015625,0.01953125,0.10546875,0.016357421875,0.0029296875,0.0,0.04833984375,0.0,0.0,0.0,0.0576171875,0.031494140625,0.02197265625,0.0087890625,0
IMG_8682 resized_448.jpg,166.1101531982422,18.964420858144628,166.0,76.0,250.0,135.0,197.0,0.011257283723002401,0.3084244174239057,0.0,0.0323944091796875,6.286935424859601,1653,0.0252227783203125,0.2328033447265625,0.002593994140625,0.00634765625,33.95171296617437,20.163412399739286,70.9365914038728,11.836532592773438,25.0,0.1283111572265625,40.50440265959163,0.0058441162109375,0.044677734375,0.01611328125,0.001220703125,0.009033203125,0.00927734375,0.001220703125,0.01025390625,0.005615234375,0.014404296875,0.0322265625,0.008056640625,0.0029296875,0.0419921875,0.162109375,0.033203125,0.01123046875,0
IMG_8683 resized_448.jpg,164.16744995117188,19.199649268855296,164.0,84.0,247.0,133.0,196.0,0.12892902667410638,0.17874037972002732,0.0,0.0313720703125,6.305302974583967,1286,0.019622802734375,0.20745849609375,0.0015411376953125,0.00469970703125,31.945910707286043,19.0333558274102,67.06713054842886,11.24310302734375,25.0,0.110137939453125,38.662554281526475,0.003387451171875,0.00146484375,0.004150390625,0.012451171875,0.0,0.0,0.00244140625,0.003662109375,0.0,0.004638671875,0.052978515625,0.002197265625,0.0,0.003173828125,0.11279296875,0.10498046875,0.009033203125,0
IMG_8684 resized_448.jpg,146.69668579101562,28.492756433728907,150.0,25.0,251.0,94.0,189.0,-0.44314019915497954,0.5632275776854301,0.0010986328125,0.0209808349609375,6.839490401111677,7624,0.1163330078125,0.2981719970703125,0.023162841796875,0.0916595458984375,44.67474660436699,28.94718215479337,100.89598604503551,16.033523559570312,37.0,0.2866363525390625,48.050581626269654,0.047882080078125,0.06689453125,0.021728515625,0.00537109375,0.014404296875,0.04736328125,0.05322265625,0.021240234375,0.015869140625,0.1181640625,0.0595703125,0.133544921875,0.155029296875,0.326904296875,0.275634765625,0.306884765625,0.239501953125,0
IMG_8685 resized_448.jpg,150.51524353027344,24.48951738950203,151.0,41.0,252.0,111.0,191.0,0.07695928708487207,0.45270998494708214,4.57763671875e-05,0.025909423828125,6.652032331195773,11887,0.1813812255859375,0.3254547119140625,0.019989013671875,0.096038818359375,48.77079703842767,28.41031162151881,102.07105359505226,17.617645263671875,36.0,0.3688201904296875,48.54558025566699,0.046630859375,0.275390625,0.21728515625,0.1494140625,0.13427734375,0.200927734375,0.182861328125,0.114501953125,0.133544921875,0.243408203125,0.2099609375,0.115234375,0.093994140625,0.24169921875,0.22900390625,0.233642578125,0.126953125,0
IMG_8686 resized_448.jpg,146.0006103515625,27.803380257246303,147.0,47.0,248.0,98.0,189.0,-0.1727051358639638,-0.2765020125172968,1.52587890625e-05,0.0160064697265625,6.831972176162617,17593,0.2684478759765625,0.349029541015625,0.033447265625,0.174957275390625,55.29739934815654,30.953080035120497,113.22543883774529,19.633758544921875,39.0,0.4501953125,56.46816532935353,0.1075439453125,0.284912109375,0.28076171875,0.313720703125,0.312255859375,0.207763671875,0.24755859375,0.288818359375,0.30810546875,0.256103515625,0.267578125,0.302978515625,0.2412109375,0.16162109375,0.223388671875,0.314697265625,0.28369140625,0
IMG_8687 resized_448.jpg,154.02706909179688,28.819117510950477,155.0,52.0,252.0,104.0,199.0,-0.16913903530860286,-0.2965626847482814,0.0,0.04449462890625,6.884213480876855,17930,0.273590087890625,0.3542633056640625,0.039337158203125,0.1551513671875,56.29406501993249,31.514754014308846,114.93476410555685,20.138717651367188,40.0,0.471771240234375,57.60775129714022,0.1051177978515625,0.28662109375,0.297607421875,0.251220703125,0.30322265625,0.30517578125,0.24853515625,0.296875,0.30224609375,0.183837890625,0.259033203125,0.3076171875,0.30029296875,0.236572265625,0.2255859375,0.263427734375,0.3095703125,0
IMG_8688 resized_448.jpg,149.52195739746094,32.28654654336564,151.0,43.0,249.0,94.0,200.0,-0.16624427321477833,-0.4072595971955626,0.0001068115234375,0.0466156005859375,7.042981478128462,21737,0.3316802978515625,0.3580780029296875,0.1458282470703125,0.2808685302734375,72.87483838793027,39.82336405871026,146.9200396346312,25.276840209960938,51.0,0.6012725830078125,61.938393455134985,0.1232147216796875,0.330078125,0.350341796875,0.3359375,0.329833984375,0.333251953125,0.33837890625,0.355224609375,0.33935546875,0.32275390625,0.315673828125,0.3515625,0.333984375,0.30419921875,0.320068359375,0.32763671875,0.318603515625,0
IMG_8689 resized_448.jpg,131.3214874267578,35.70878638729384,132.0,25.0,250.0,72.0,189.0,1.3010308433161755e-06,-0.48374691015799165,0.0045013427734375,0.02130126953125,7.188417293970041,22381,0.3415069580078125,0.3548736572265625,0.2384185791015625,0.333770751953125,89.04427361744439,47.688240691989954,176.18739995630494,31.303726196289062,64.0,0.6901702880859375,65.44520004485642,0.1510467529296875,0.333251953125,0.356201171875,0.333251953125,0.342041015625,0.337158203125,0.352783203125,0.349853515625,0.3447265625,0.3447265625,0.353759765625,0.342041015625,0.343505859375,0.33447265625,0.326171875,0.3330078125,0.337158203125,0
IMG_8690 resized_448.jpg,149.49766540527344,30.55736254061105,151.0,51.0,250.0,97.0,197.0,-0.16907079333176211,-0.32223471964500705,0.0,0.037872314453125,6.96728901907159,19228,0.29339599609375,0.355682373046875,0.07940673828125,0.2207794189453125,62.75910089238943,35.471442939526554,129.02906644914572,22.41351318359375,45.0,0.5325469970703125,59.688596639050395,0.1146087646484375,0.319580078125,0.310546875,0.3203125,0.334228515625,0.32861328125,0.317138671875,0.305908203125,0.3115234375,0.27099609375,0.28076171875,0.291015625,0.28759765625,0.156982421875,0.3017578125,0.29931640625,0.258056640625,0
IMG_8691 resized_448.jpg,145.08409118652344,31.105840725367308,146.0,40.0,249.0,92.0,194.0,-0.14360011292086694,-0.2596663173710865,0.0001068115234375,0.029571533203125,6.995958992037848,19604,0.29913330078125,0.3574066162109375,0.0920867919921875,0.2364959716796875,64.21078719162364,36.63060418847182,133.12963571194615,22.523330688476562,46.0,0.5370025634765625,59.57733486781841,0.1174774169921875,0.340576171875,0.3359375,0.342041015625,0.318359375,0.30712890625,0.319580078125,0.34130859375,0.314697265625,0.25927734375,0.282958984375,0.2626953125,0.28369140625,0.28125,0.272216796875,0.229736328125,0.294677734375,0
IMG_8692 resized_448.jpg,144.00428771972656,31.944305541711458,145.0,32.0,251.0,89.0,195.0,-0.11209972642541904,-0.2784528015286485,0.0003662109375,0.0324554443359375,7.035811921336826,19777,0.3017730712890625,0.35595703125,0.0897064208984375,0.2362060546875,64.36228402188746,36.76804407584966,133.45598521412518,22.858154296875,46.0,0.550262451171875,59.95831354010074,0.1201019287109375,0.31689453125,0.349609375,0.33544921875,0.341064453125,0.316162109375,0.3056640625,0.33544921875,0.33837890625,0.314697265625,0.2568359375,0.283203125,0.270751953125,0.254150390625,0.292236328125,0.26025390625,0.257568359375,0
IMG_8693 resized_448.jpg,139.52442932128906,34.13620825814457,141.0,45.0,252.0,81.0,193.0,-0.10109576828420452,-0.5350025780990135,0.0002593994140625,0.027679443359375,7.117629152255651,20556,0.31365966796875,0.35516357421875,0.0945281982421875,0.28302001953125,66.72177867052685,37.0281013372126,135.2479205015737,22.952362060546875,47.0,0.541778564453125,61.35211159121914,0.1323089599609375,0.324462890625,0.327880859375,0.34521484375,0.30908203125,0.2958984375,0.320556640625,0.318603515625,0.330810546875,0.317626953125,0.312255859375,0.287353515625,0.296630859375,0.307373046875,0.310302734375,0.289794921875,0.32470703125,0
IMG_8694 resized_448.jpg,135.70388793945312,34.28265642798012,137.0,41.0,253.0,78.0,190.0,-0.05274332127861214,-0.5378179792519018,0.0009765625,0.0219573974609375,7.125559133135974,20788,0.31719970703125,0.356597900390625,0.10150146484375,0.285858154296875,66.7567395839748,36.63539408823363,134.9036679603695,23.103485107421875,47.0,0.548828125,62.45727169019334,0.1380462646484375,0.333251953125,0.34033203125,0.341796875,0.342041015625,0.321044921875,0.33349609375,0.301513671875,0.3017578125,0.320068359375,0.332763671875,0.306884765625,0.322021484375,0.29150390625,0.30712890625,0.2783203125,0.30126953125,0
IMG_8695 resized_448.jpg,138.85791015625,33.02771008523525,140.0,33.0,252.0,82.0,191.0,-0.11830484957631973,-0.3443686079557926,0.0011749267578125,0.02423095703125,7.080186835094232,19725,0.3009796142578125,0.3577728271484375,0.0985107421875,0.2592620849609375,65.917495216314,37.560458326935866,136.8575902169843,22.998382568359375,48.0,0.538116455078125,61.58690807968857,0.1329498291015625,0.34765625,0.345458984375,0.353759765625,0.330322265625,0.334716796875,0.31298828125,0.3251953125,0.319091796875,0.2880859375,0.30517578125,0.27294921875,0.279052734375,0.204833984375,0.289794921875,0.2412109375,0.265380859375,0
IMG_8696 resized_448.jpg,141.2919158935547,32.86582032051813,142.0,39.0,248.0,85.0,194.0,-0.111250725372155,-0.4123027601081799,0.00054931640625,0.02777099609375,7.0715075525082,20757,0.3167266845703125,0.3596954345703125,0.0881805419921875,0.2632293701171875,65.55280332598359,36.290133300017516,132.8834075421006,23.103134155273438,46.0,0.5545501708984375,61.951342749838794,0.13079833984375,0.337158203125,0.330078125,0.353515625,0.3447265625,0.32470703125,0.3330078125,0.34521484375,0.3212890625,0.283447265625,0.313720703125,0.297607421875,0.31689453125,0.27783203125,0.313720703125,0.29052734375,0.2841796875,0
IMG_8697 resized_448.jpg,146.9866180419922,32.90041265814944,149.0,43.0,250.0,90.0,198.0,-0.18258220011999401,-0.40991113049134187,0.0001220703125,0.0412750244140625,7.068364680572436,20656,0.315185546875,0.3626251220703125,0.087493896484375,0.2499542236328125,64.33088466686937,35.78644183334288,130.66751700403586,22.67498779296875,45.0,0.5441436767578125,62.072614364212114,0.1245269775390625,0.33447265625,0.335693359375,0.3466796875,0.347900390625,0.3232421875,0.30615234375,0.3271484375,0.353271484375,0.2890625,0.284423828125,0.331298828125,0.33544921875,0.275634765625,0.28076171875,0.2734375,0.29833984375,0
IMG_8698 resized_448.jpg,133.82200622558594,35.650077415825564,134.0,29.0,253.0,75.0,192.0,0.01278144278586648,-0.46160754577555174,0.0032958984375,0.027679443359375,7.188832231278087,21412,0.32672119140625,0.353607177734375,0.1629638671875,0.3083038330078125,76.4201208839862,43.626082944617075,158.15182578775372,26.807754516601562,55.0,0.6255035400390625,64.22739575256419,0.1483154296875,0.337890625,0.33642578125,0.309326171875,0.300537109375,0.343017578125,0.331787109375,0.329833984375,0.315673828125,0.34423828125,0.3310546875,0.30419921875,0.315185546875,0.354736328125,0.341552734375,0.3310546875,0.301025390625,0
IMG_8699 resized_448.jpg,133.43124389648438,35.53010167986341,134.0,28.0,252.0,75.0,191.0,0.006925658293148153,-0.47378156325125564,0.0032501220703125,0.025726318359375,7.183066766165108,21280,0.32470703125,0.3546905517578125,0.1603546142578125,0.308013916015625,75.78387301999469,42.779668070773674,155.95993052905266,26.995346069335938,54.0,0.6382293701171875,64.47316023176724,0.1489105224609375,0.328369140625,0.326171875,0.324462890625,0.302001953125,0.34716796875,0.333984375,0.335693359375,0.31396484375,0.35400390625,0.325439453125,0.311767578125,0.3017578125,0.328857421875,0.3486328125,0.30712890625,0.305908203125,0
IMG_8700 resized_448.jpg,134.10299682617188,34.82987058284686,135.0,19.0,252.0,76.0,190.0,-0.040266908394824934,-0.4102196776940339,0.00335693359375,0.023223876953125,7.1576627979756955,20971,0.3199920654296875,0.3565673828125,0.1407928466796875,0.297515869140625,72.47360431398486,41.33691297168932,150.23315213360866,25.431304931640625,52.0,0.6024627685546875,63.73489688473514,0.1486053466796875,0.342529296875,0.344482421875,0.337646484375,0.29296875,0.3388671875,0.335205078125,0.3125,0.292724609375,0.342529296875,0.365234375,0.30615234375,0.27490234375,0.3466796875,0.33740234375,0.296875,0.253173828125,0
IMG_8701 resized_448.jpg,140.43157958984375,34.69421897968543,141.0,34.0,252.0,83.0,197.0,-0.002301970799119306,-0.4604177073006337,0.0007476806640625,0.039825439453125,7.150305392538687,20071,0.3062591552734375,0.352783203125,0.10626220703125,0.25872802734375,67.15239536374116,38.41537582331022,139.0323703315167,23.544219970703125,48.0,0.559906005859375,62.37844976288242,0.135589599609375,0.331298828125,0.33984375,0.30322265625,0.281494140625,0.35009765625,0.339111328125,0.287353515625,0.2900390625,0.33935546875,0.3408203125,0.29638671875,0.21728515625,0.331787109375,0.312255859375,0.30224609375,0.237548828125,0
IMG_8702 resized_448.jpg,132.61734008789062,34.18052937684711,132.0,26.0,253.0,77.0,190.0,0.11974734653107034,-0.25948570971269813,0.0026702880859375,0.0243988037109375,7.1328160546283055,19458,0.296905517578125,0.3531036376953125,0.0919036865234375,0.26116943359375,64.71448782066443,38.57947572812172,136.12494260788506,22.480194091796875,46.0,0.5309600830078125,61.96163474199769,0.1399383544921875,0.3544921875,0.322998046875,0.28369140625,0.2763671875,0.34375,0.329345703125,0.297119140625,0.249267578125,0.3349609375,0.311767578125,0.277587890625,0.22216796875,0.335205078125,0.312744140625,0.276123046875,0.222900390625,0
IMG_8703 resized_448.jpg,128.53868103027344,33.596037336643775,128.0,29.0,252.0,74.0,185.0,0.08337274672109732,-0.3186323732923517,0.004302978515625,0.0155181884765625,7.108252399986762,19269,0.2940216064453125,0.3519287109375,0.089752197265625,0.2688446044921875,63.8836907810233,37.74853874250761,135.35139452550905,22.758209228515625,47.0,0.5415191650390625,61.57686559093053,0.1420135498046875,0.349853515625,0.318115234375,0.304931640625,0.248779296875,0.343994140625,0.323974609375,0.28759765625,0.23974609375,0.334716796875,0.3212890625,0.220703125,0.2529296875,0.34033203125,0.323974609375,0.278076171875,0.21533203125,0
IMG_8704 resized_448.jpg,139.78805541992188,37.76230165033009,141.0,33.0,253.0,76.0,200.0,-0.08015878266047291,-0.5349450161178573,0.0029144287109375,0.0491485595703125,7.264582929540614,22074,0.336822509765625,0.36053466796875,0.18328857421875,0.31817626953125,78.44258065769111,42.79082093070584,157.70859202973057,27.477020263671875,56.0,0.643890380859375,65.48455532361349,0.147125244140625,0.341064453125,0.352294921875,0.34228515625,0.35302734375,0.339111328125,0.344970703125,0.345947265625,0.350341796875,0.33447265625,0.320068359375,0.3369140625,0.34326171875,0.310302734375,0.32958984375,0.32421875,0.3212890625,0
IMG_8705 resized_448.jpg,148.0487823486328,37.157824261544135,149.0,40.0,252.0,85.0,208.0,-0.09448490432903976,-0.5518024007239668,0.0005645751953125,0.078826904296875,7.24076762750091,21676,0.33074951171875,0.3609619140625,0.138336181640625,0.291290283203125,71.53585592555642,39.243349448455355,144.12494579357175,24.978683471679688,50.0,0.5963592529296875,64.6926400662292,0.1339874267578125,0.328125,0.341064453125,0.348388671875,0.34326171875,0.322021484375,0.329345703125,0.34375,0.33544921875,0.334228515625,0.330810546875,0.34912109375,0.31640625,0.31640625,0.310546875,0.328125,0.31494140625,0
IMG_8706 resized_448.jpg,146.33639526367188,29.645492440093513,146.0,37.0,254.0,98.0,196.0,0.09247102588049012,-0.1750349814628107,1.52587890625e-05,0.0359954833984375,6.931232703963555,13588,0.20733642578125,0.3411712646484375,0.0261077880859375,0.114471435546875,51.371108640232144,30.553304335434827,107.8702924812944,18.367919921875,37.0,0.396453857421875,57.781573077303534,0.1124420166015625,0.243408203125,0.208984375,0.219970703125,0.16259765625,0.2978515625,0.209228515625,0.19287109375,0.169189453125,0.306884765625,0.21337890625,0.153564453125,0.1416015625,0.282958984375,0.2021484375,0.15576171875,0.156982421875,0
IMG_8707 resized_448.jpg,146.85009765625,29.877750122508242,147.0,46.0,251.0,97.0,195.0,-0.03170165107817602,-0.283884589449908,3.0517578125e-05,0.033599853515625,6.9418248749326015,16246,0.247894287109375,0.350128173828125,0.0327606201171875,0.1501617431640625,53.81908736277495,31.099694791139978,112.0714058089752,19.690231323242188,39.0,0.4542388916015625,58.850711009323334,0.115020751953125,0.310546875,0.296630859375,0.26513671875,0.273193359375,0.303466796875,0.2783203125,0.26708984375,0.212646484375,0.2705078125,0.225830078125,0.165771484375,0.1591796875,0.26708984375,0.217529296875,0.241455078125,0.2119140625,0
IMG_8708 resized_448.jpg,145.03094482421875,30.59702296614019,145.0,48.0,251.0,94.0,195.0,-0.02742041319408258,-0.3174335637629957,1.52587890625e-05,0.0319976806640625,6.975033460975965,16544,0.25244140625,0.35113525390625,0.044525146484375,0.1640777587890625,55.48767562972031,32.088865301014394,115.8792474949678,20.328582763671875,40.0,0.4755096435546875,59.56181700596561,0.1183013916015625,0.312744140625,0.297607421875,0.25830078125,0.204345703125,0.339111328125,0.28271484375,0.250732421875,0.25,0.2890625,0.277099609375,0.255126953125,0.2138671875,0.252197265625,0.1787109375,0.1923828125,0.18505859375,0
IMG_8709 resized_448.jpg,148.91404724121094,29.468890018874916,150.0,45.0,253.0,99.0,197.0,-0.06320045369207458,-0.271917855484225,4.57763671875e-05,0.0359344482421875,6.921892333242801,13497,0.2059478759765625,0.342071533203125,0.014404296875,0.1064453125,50.26102863088373,28.28454028665138,102.34256201600583,17.848175048828125,35.0,0.3838958740234375,57.97803343337169,0.109649658203125,0.2919921875,0.284423828125,0.19970703125,0.20458984375,0.2919921875,0.1298828125,0.19287109375,0.170166015625,0.27001953125,0.20361328125,0.14794921875,0.12646484375,0.27685546875,0.145751953125,0.19677734375,0.162109375,0
IMG_8710 resized_448.jpg,146.71070861816406,31.59462858606685,147.0,42.0,249.0,93.0,198.0,-0.07074405481248783,-0.3422169177615775,7.62939453125e-05,0.03955078125,7.019522075335614,17177,0.2621002197265625,0.3527984619140625,0.038177490234375,0.1751251220703125,56.03613062576265,31.812420497971086,115.2128465059344,20.128143310546875,40.0,0.4688720703125,60.148685421581284,0.118988037109375,0.300048828125,0.30810546875,0.273193359375,0.209228515625,0.329345703125,0.3193359375,0.2041015625,0.210205078125,0.326904296875,0.262939453125,0.269775390625,0.28466796875,0.257080078125,0.194091796875,0.201416015625,0.2431640625,0
IMG_8711 resized_448.jpg,146.89540100097656,31.594110769169,148.0,41.0,250.0,93.0,197.0,-0.101186778357244,-0.32304823323742493,4.57763671875e-05,0.0393829345703125,7.018955075535429,17133,0.2614288330078125,0.3535308837890625,0.0442352294921875,0.1713714599609375,56.24103888852344,32.58497736408174,117.34564329364768,20.212615966796875,41.0,0.466094970703125,60.166815761223226,0.1171722412109375,0.32275390625,0.313720703125,0.263427734375,0.19580078125,0.30419921875,0.30078125,0.264404296875,0.205322265625,0.3095703125,0.2822265625,0.226318359375,0.15234375,0.280517578125,0.291259765625,0.228271484375,0.241943359375,0
IMG_8712 resized_448.jpg,148.01571655273438,30.46410967567848,149.0,45.0,252.0,96.0,197.0,-0.10367287719712559,-0.24661534091253223,9.1552734375e-05,0.037078857421875,6.969161152764537,15138,0.230987548828125,0.3499755859375,0.0306549072265625,0.1356658935546875,53.09664642936677,30.69139578386497,111.00450441310929,19.29833984375,39.0,0.4310455322265625,59.16784811070363,0.114044189453125,0.319580078125,0.312255859375,0.256103515625,0.1767578125,0.31396484375,0.266845703125,0.176513671875,0.136962890625,0.306640625,0.239501953125,0.2041015625,0.142578125,0.287109375,0.2275390625,0.179443359375,0.14990234375,0
IMG_8713 resized_448.jpg,150.12974548339844,30.625203227501178,151.0,42.0,251.0,98.0,200.0,-0.10376655505780577,-0.2823336953600295,6.103515625e-05,0.046173095703125,6.975904613167364,15943,0.2432708740234375,0.353363037109375,0.03253173828125,0.14776611328125,54.16129747572475,30.904992857615348,112.60550608207397,19.30322265625,39.0,0.4341583251953125,59.51431138956233,0.1131134033203125,0.2998046875,0.299560546875,0.260986328125,0.22314453125,0.320556640625,0.2998046875,0.271728515625,0.203125,0.3056640625,0.286865234375,0.1845703125,0.21875,0.26953125,0.210693359375,0.158935546875,0.07861328125,0
IMG_8714 resized_448.jpg,146.71041870117188,30.67282128245257,148.0,41.0,251.0,95.0,196.0,-0.09750447733724839,-0.315747029925348,6.103515625e-05,0.03497314453125,6.977599325486352,17280,0.263671875,0.3507080078125,0.0332183837890625,0.1674041748046875,54.75078395302704,30.79963366854949,112.64102272262978,19.442703247070312,38.0,0.444091796875,59.71161402963769,0.1186981201171875,0.3056640625,0.33642578125,0.302978515625,0.28271484375,0.292236328125,0.28955078125,0.246337890625,0.201416015625,0.2841796875,0.30615234375,0.242431640625,0.186279296875,0.256591796875,0.2578125,0.21826171875,0.209716796875,0
IMG_8715 resized_448.jpg,146.86166381835938,30.802145272432767,148.0,40.0,250.0,95.0,196.0,-0.07805296762996315,-0.3170006030397561,4.57763671875e-05,0.0361328125,6.983995353864975,17402,0.265533447265625,0.3540802001953125,0.034088134765625,0.168792724609375,54.982467742342166,30.963342268699478,112.79406006196828,19.60845947265625,39.0,0.4509124755859375,59.95089490993213,0.1179656982421875,0.319091796875,0.279296875,0.26611328125,0.175537109375,0.31298828125,0.3203125,0.287353515625,0.251708984375,0.28662109375,0.276611328125,0.283203125,0.2216796875,0.298583984375,0.266357421875,0.248046875,0.155029296875,0
IMG_8716 resized_448.jpg,148.07369995117188,29.67692503606959,149.0,44.0,247.0,98.0,196.0,-0.06344967309374272,-0.27317550347803765,4.57763671875e-05,0.03448486328125,6.931812762044279,14883,0.2270965576171875,0.3477630615234375,0.0200653076171875,0.1222686767578125,51.39156527977431,29.210474768649853,106.0,18.472793579101562,36.0,0.405181884765625,58.61694130980038,0.111663818359375,0.279052734375,0.29345703125,0.233154296875,0.19775390625,0.270263671875,0.261474609375,0.22509765625,0.162109375,0.273681640625,0.232177734375,0.17919921875,0.146484375,0.263671875,0.270263671875,0.2041015625,0.1416015625,0
IMG_8717 resized_448.jpg,150.25823974609375,29.597209930516044,151.0,49.0,252.0,100.0,198.0,-0.0800325001275187,-0.25213157413946874,1.52587890625e-05,0.0424957275390625,6.9281824042887425,14235,0.2172088623046875,0.3451690673828125,0.0247955322265625,0.123321533203125,51.748153023843194,29.94407827367493,107.95137429346089,18.822006225585938,37.0,0.4163360595703125,58.020481299311015,0.1064910888671875,0.29736328125,0.27294921875,0.238525390625,0.178955078125,0.299072265625,0.2783203125,0.176513671875,0.198486328125,0.280517578125,0.30419921875,0.1279296875,0.17138671875,0.22021484375,0.187744140625,0.1513671875,0.091796875,0
IMG_8718 resized_448.jpg,148.48355102539062,30.290488713159046,150.0,40.0,249.0,97.0,197.0,-0.13106199180754602,-0.2736967419203564,7.62939453125e-05,0.0367584228515625,6.95854281996686,14902,0.227386474609375,0.3466339111328125,0.034881591796875,0.1353759765625,53.31716346763284,30.99365546183304,111.61541112229978,18.9119873046875,38.0,0.417572021484375,58.899089155484454,0.1094818115234375,0.30908203125,0.227294921875,0.2841796875,0.219970703125,0.31201171875,0.249267578125,0.20849609375,0.171875,0.295166015625,0.255615234375,0.152587890625,0.198974609375,0.221923828125,0.231201171875,0.134765625,0.165771484375,0
IMG_8719 resized_448.jpg,147.54295349121094,30.51732033289173,149.0,44.0,250.0,95.0,196.0,-0.13550938094908713,-0.26454732506148027,0.0001068115234375,0.0350189208984375,6.970047980197253,15096,0.2303466796875,0.3500213623046875,0.0291290283203125,0.136627197265625,52.72593159194462,30.53735769365145,110.16351483136329,18.656509399414062,38.0,0.4050750732421875,58.9932369652276,0.1126556396484375,0.322021484375,0.25244140625,0.181884765625,0.2001953125,0.32275390625,0.26708984375,0.266357421875,0.21826171875,0.31201171875,0.177001953125,0.188232421875,0.148193359375,0.25,0.244873046875,0.15087890625,0.183349609375,0
IMG_8720 resized_448.jpg,149.89109802246094,30.365309629725378,151.0,48.0,253.0,98.0,198.0,-0.14681033501457616,-0.22869576980698625,7.62939453125e-05,0.039703369140625,6.962037460693022,15643,0.2386932373046875,0.349517822265625,0.028167724609375,0.137725830078125,53.78273343406707,30.87981542399259,111.40017953306898,19.069580078125,38.0,0.424591064453125,58.832400917716164,0.1093597412109375,0.291259765625,0.302734375,0.22412109375,0.1953125,0.282958984375,0.238525390625,0.173095703125,0.2060546875,0.30810546875,0.281494140625,0.2109375,0.212890625,0.283447265625,0.189697265625,0.251220703125,0.167236328125,0
IMG_8721 resized_448.jpg,130.81610107421875,36.118644530197535,131.0,25.0,252.0,70.0,189.0,-0.01992213712844962,-0.5055369893046402,0.00469970703125,0.0206146240234375,7.202531735490631,21940,0.33477783203125,0.3580780029296875,0.191497802734375,0.323974609375,79.06929264011374,43.148300936949624,158.75137794677562,28.0498046875,57.0,0.6492767333984375,63.77537596876506,0.146514892578125,0.33154296875,0.322998046875,0.307861328125,0.30859375,0.323486328125,0.3310546875,0.318603515625,0.32763671875,0.33740234375,0.354736328125,0.334716796875,0.33837890625,0.354736328125,0.363525390625,0.360107421875,0.341064453125,0
IMG_8722 resized_448.jpg,155.6636505126953,26.90464357145361,156.0,55.0,251.0,110.0,199.0,-0.16087856636009845,-0.1585389843193692,0.0,0.0419769287109375,6.789286061349436,8268,0.12615966796875,0.316436767578125,0.0061798095703125,0.0493621826171875,43.670830968142766,25.77433564180679,92.34717104492157,15.608154296875,32.0,0.2768707275390625,54.188691269939156,0.079742431640625,0.232666015625,0.157470703125,0.131103515625,0.060302734375,0.2158203125,0.146728515625,0.188232421875,0.0673828125,0.2080078125,0.054443359375,0.0751953125,0.052001953125,0.173583984375,0.01025390625,0.117431640625,0.1279296875,0
IMG_8723 resized_448.jpg,151.6714324951172,27.563267276225318,152.0,57.0,248.0,105.0,196.0,-0.10358408279693698,-0.23346720769002083,0.0,0.0327606201171875,6.825061673935376,10341,0.1577911376953125,0.330780029296875,0.010223388671875,0.0685882568359375,46.41386019848371,26.904365632167572,97.04638066409278,16.785446166992188,33.0,0.327789306640625,55.30177069791984,0.0911407470703125,0.2421875,0.185302734375,0.111572265625,0.1142578125,0.243896484375,0.178955078125,0.150146484375,0.15234375,0.22900390625,0.123291015625,0.2255859375,0.123779296875,0.14697265625,0.055419921875,0.134765625,0.107177734375,0
IMG_8724 resized_448.jpg,150.44308471679688,27.31339825121444,151.0,53.0,250.0,104.0,194.0,-0.09115480672899626,-0.1850296511943812,0.0,0.028656005859375,6.813839112769889,9526,0.145355224609375,0.323577880859375,0.0057373046875,0.0665283203125,45.22365240138125,26.34022705077664,94.76286192385707,16.350982666015625,33.0,0.3103790283203125,54.73864645071294,0.090789794921875,0.200439453125,0.17333984375,0.146728515625,0.1484375,0.235107421875,0.1328125,0.104248046875,0.119140625,0.211181640625,0.12646484375,0.10400390625,0.114013671875,0.158447265625,0.126220703125,0.162109375,0.06298828125,0
IMG_8725 resized_448.jpg,149.8679962158203,27.213089339011706,150.0,54.0,248.0,104.0,194.0,-0.10098243637969179,-0.12438833917857472,0.0,0.0271148681640625,6.808801451071383,8678,0.132415771484375,0.3282623291015625,0.0075836181640625,0.0639190673828125,44.88889369201868,26.071770031761712,93.69097959950219,16.265533447265625,32.0,0.309906005859375,54.38921126592062,0.0875244140625,0.267333984375,0.126953125,0.1357421875,0.175537109375,0.202392578125,0.186279296875,0.114990234375,0.107421875,0.1826171875,0.114990234375,0.063232421875,0.0986328125,0.134033203125,0.09423828125,0.083740234375,0.030517578125,0
IMG_8726 resized_448.jpg,150.9228973388672,27.481138495817927,151.0,48.0,253.0,105.0,195.0,-0.09567290395907752,-0.1273656377866823,3.0517578125e-05,0.031585693359375,6.823121926040223,10873,0.1659088134765625,0.3343353271484375,0.0118255615234375,0.089141845703125,47.30959406371011,27.545743913881733,99.04544411531506,17.32171630859375,34.0,0.353607177734375,55.07370973539584,0.0920562744140625,0.269287109375,0.2119140625,0.18212890625,0.162353515625,0.3017578125,0.130615234375,0.110595703125,0.20263671875,0.153076171875,0.155517578125,0.083251953125,0.164306640625,0.1572265625,0.163818359375,0.08056640625,0.12548828125,0
IMG_8727 resized_448.jpg,149.45175170898438,27.60146062521661,150.0,48.0,251.0,103.0,194.0,-0.12380707281916416,-0.12629526354679577,1.52587890625e-05,0.0276336669921875,6.8280312329836415,10841,0.1654205322265625,0.335205078125,0.011871337890625,0.088043212890625,47.51687157660631,27.58345111097312,98.84331034521254,17.39837646484375,34.0,0.35650634765625,55.38051205440227,0.0951080322265625,0.272216796875,0.15771484375,0.145751953125,0.205810546875,0.25732421875,0.2421875,0.1591796875,0.182373046875,0.234130859375,0.08154296875,0.058349609375,0.17236328125,0.1123046875,0.1826171875,0.111572265625,0.0712890625,0
IMG_8728 resized_448.jpg,150.3992462158203,27.411967005320044,151.0,48.0,250.0,104.0,195.0,-0.11829080910392588,-0.09827243327000401,1.52587890625e-05,0.0293121337890625,6.819317732892383,10976,0.16748046875,0.33270263671875,0.012481689453125,0.08258056640625,47.083430814533145,27.469355475562875,98.48857801796105,17.314590454101562,34.0,0.3517608642578125,55.144983564228035,0.0935211181640625,0.256103515625,0.1171875,0.12646484375,0.2041015625,0.27490234375,0.1494140625,0.140625,0.201904296875,0.244140625,0.18994140625,0.142822265625,0.21142578125,0.124755859375,0.10498046875,0.0732421875,0.11767578125,0
IMG_8729 resized_448.jpg,151.72454833984375,27.271016420148246,152.0,50.0,252.0,106.0,196.0,-0.09268601482911039,-0.12194435247639834,0.0,0.033203125,6.812117609627153,11153,0.1701812744140625,0.3354339599609375,0.01434326171875,0.0843505859375,47.46814833458329,27.68212437030067,99.40824915468535,17.34063720703125,35.0,0.3552093505859375,55.0157526333528,0.0915679931640625,0.249267578125,0.086181640625,0.123779296875,0.1552734375,0.273681640625,0.0947265625,0.1396484375,0.166259765625,0.263916015625,0.22119140625,0.1416015625,0.172607421875,0.1982421875,0.107421875,0.134765625,0.1943359375,0
IMG_8730 resized_448.jpg,151.93560791015625,26.752044390090834,152.0,53.0,246.0,107.0,195.0,-0.0974979682588986,-0.11027023689114479,0.0,0.031341552734375,6.784859764152019,9309,0.1420440673828125,0.324249267578125,0.0089111328125,0.06219482421875,45.4939819977215,26.5748907348114,95.42536350467836,16.546295166015625,33.0,0.3219757080078125,54.13862086047028,0.0853729248046875,0.239990234375,0.095703125,0.14111328125,0.10986328125,0.21826171875,0.071044921875,0.11767578125,0.162353515625,0.20849609375,0.08984375,0.052978515625,0.18359375,0.2197265625,0.129638671875,0.07958984375,0.15283203125,0
IMG_8731 resized_448.jpg,151.84486389160156,26.91105291227828,152.0,53.0,244.0,107.0,195.0,-0.10275907799595002,-0.09590612553478772,0.0,0.031829833984375,6.792680643025891,9426,0.143829345703125,0.329681396484375,0.009857177734375,0.063446044921875,45.87491550195109,26.985819188217352,96.17692030835673,16.623382568359375,33.0,0.323944091796875,54.08781197022697,0.0847015380859375,0.17724609375,0.097900390625,0.09130859375,0.0634765625,0.2216796875,0.093505859375,0.125732421875,0.146484375,0.234375,0.104248046875,0.141845703125,0.13671875,0.22021484375,0.17724609375,0.122802734375,0.146484375,0
IMG_8747 resized_448.jpg,162.48480224609375,26.813288426908855,165.0,64.0,253.0,113.0,204.0,-0.2768485302945663,0.28940156911578496,0.0,0.0657958984375,6.763164315487998,3528,0.0538330078125,0.2449493408203125,0.0061798095703125,0.0300445556640625,38.19258009834467,24.656837549278833,85.14693182963201,14.901443481445312,30.0,0.2435760498046875,41.3192270832214,0.0077362060546875,0.0,0.008056640625,0.072021484375,0.076904296875,0.031494140625,0.008056640625,0.043701171875,0.0869140625,0.00390625,0.001708984375,0.151611328125,0.116943359375,0.04296875,0.04296875,0.074462890625,0.099609375,0
IMG_8748 resized_448.jpg,147.9982147216797,26.082179201248188,145.0,30.0,253.0,111.0,195.0,0.48661852259416083,0.9202741041832141,0.0002899169921875,0.0380706787109375,6.701302604190857,12304,0.187744140625,0.3045196533203125,0.0373077392578125,0.1219482421875,53.71969393439203,33.25151796863253,116.76472069936193,20.033981323242188,42.0,0.457489013671875,47.96894086912548,0.0382232666015625,0.223388671875,0.23291015625,0.186767578125,0.2275390625,0.1376953125,0.13671875,0.09521484375,0.20263671875,0.212890625,0.199462890625,0.232421875,0.272216796875,0.1796875,0.189453125,0.123291015625,0.151611328125,0
IMG_8749 resized_448.jpg,156.03062438964844,22.835811056639354,153.0,68.0,253.0,124.0,200.0,0.6881529936549834,0.6750980306091372,0.0,0.0481414794921875,6.492097435218453,9956,0.15191650390625,0.2990875244140625,0.0157318115234375,0.0716552734375,47.01895286290363,28.248852068876168,101.07423014794622,19.208358764648438,37.0,0.443878173828125,44.45981873977279,0.0093994140625,0.070556640625,0.09033203125,0.211181640625,0.195068359375,0.134521484375,0.1015625,0.162841796875,0.22216796875,0.123779296875,0.13330078125,0.191650390625,0.20166015625,0.077392578125,0.1357421875,0.19873046875,0.18017578125,0
IMG_8750 resized_448.jpg,159.4244384765625,22.23144711654257,156.0,84.0,253.0,129.0,202.0,0.7992000189739326,0.8714531250218944,0.0,0.0552825927734375,6.437709128688882,9523,0.1453094482421875,0.285797119140625,0.021148681640625,0.0671234130859375,47.969638486687714,29.752805359613323,105.30906893520614,20.03082275390625,38.0,0.479888916015625,42.927962144573456,0.004150390625,0.0576171875,0.13623046875,0.1943359375,0.228759765625,0.1171875,0.058349609375,0.17919921875,0.163330078125,0.0556640625,0.1376953125,0.174072265625,0.14501953125,0.164306640625,0.1591796875,0.208984375,0.14501953125,0
IMG_8751 resized_448.jpg,157.25437927246094,21.582105925757688,155.0,65.0,253.0,127.0,198.0,0.7412090902865262,1.2128127808200855,0.0,0.0435333251953125,6.405665181964485,8083,0.1233367919921875,0.2795562744140625,0.01708984375,0.0647125244140625,46.133775262088115,28.88007799198274,100.69508346287961,19.155532836914062,37.0,0.4403839111328125,42.27397232802309,0.0061492919921875,0.058837890625,0.119384765625,0.110595703125,0.134765625,0.10546875,0.109619140625,0.183349609375,0.16259765625,0.165771484375,0.111572265625,0.150390625,0.15478515625,0.0869140625,0.1259765625,0.11767578125,0.07568359375,0
IMG_8752 resized_448.jpg,156.0674285888672,23.112716805188626,154.0,40.0,253.0,123.0,199.0,0.6344947143515123,0.837508044362131,1.52587890625e-05,0.0464019775390625,6.519980159758767,7732,0.11798095703125,0.2908477783203125,0.0125274658203125,0.058502197265625,45.29575565017963,28.205979249807097,98.08159868191383,17.909805297851562,35.0,0.3860015869140625,43.817980089314446,0.0107879638671875,0.114501953125,0.056884765625,0.110595703125,0.128662109375,0.048095703125,0.09326171875,0.08251953125,0.103271484375,0.092529296875,0.124267578125,0.1279296875,0.114501953125,0.166748046875,0.113037109375,0.15966796875,0.251220703125,0
IMG_8753 resized_448.jpg,158.1563262939453,25.223097396830877,156.0,57.0,255.0,122.0,206.0,0.6247272701224883,0.832367683858739,0.0,0.0645904541015625,6.645000463485523,13930,0.212554931640625,0.30194091796875,0.0576934814453125,0.12664794921875,57.019971813718385,35.557747813903184,125.92855117089213,23.062530517578125,45.0,0.573028564453125,45.740217968481986,0.01702880859375,0.22900390625,0.21142578125,0.22607421875,0.22314453125,0.21240234375,0.248779296875,0.1884765625,0.20849609375,0.20068359375,0.17431640625,0.213134765625,0.19921875,0.230224609375,0.212890625,0.21142578125,0.211181640625,0
IMG_8754 resized_448.jpg,162.08607482910156,22.883442456456912,159.0,48.0,253.0,130.0,206.0,0.6836616207506298,1.0060759353786501,1.52587890625e-05,0.0657501220703125,6.493850907525021,12325,0.1880645751953125,0.301544189453125,0.03466796875,0.0957183837890625,52.78945890073079,32.452675793762914,115.13470371699404,21.445526123046875,42.0,0.5173492431640625,44.095673362300154,0.0089263916015625,0.1396484375,0.179443359375,0.203369140625,0.123046875,0.150390625,0.1806640625,0.223876953125,0.205078125,0.208740234375,0.21923828125,0.194091796875,0.224853515625,0.1943359375,0.197021484375,0.19921875,0.166015625,0
IMG_8755 resized_448.jpg,149.6369171142578,25.45964460591865,147.0,46.0,253.0,114.0,198.0,0.7247707259419843,0.9876050106603564,3.0517578125e-05,0.0446319580078125,6.644936248892502,13431,0.2049407958984375,0.30108642578125,0.04608154296875,0.140228271484375,55.5352332269676,34.317453312733264,121.49074038789952,22.972915649414062,43.0,0.5767822265625,45.92891779641701,0.0228729248046875,0.2373046875,0.2421875,0.2626953125,0.1865234375,0.217041015625,0.19677734375,0.214111328125,0.170654296875,0.217041015625,0.174072265625,0.217529296875,0.166259765625,0.183349609375,0.203125,0.20947265625,0.180908203125,0
IMG_8756 resized_448.jpg,150.9429473876953,25.50018839457091,147.0,56.0,253.0,117.0,201.0,0.8401799023757368,1.131705689849678,0.0,0.050201416015625,6.62534999976735,14175,0.2162933349609375,0.2939300537109375,0.0727996826171875,0.1486358642578125,59.88526928178442,37.77701040304177,133.42600847185398,24.69171142578125,48.0,0.609771728515625,46.68580780306033,0.02337646484375,0.226318359375,0.180908203125,0.26220703125,0.196533203125,0.23046875,0.190673828125,0.222412109375,0.186279296875,0.21484375,0.20654296875,0.23974609375,0.20849609375,0.221435546875,0.21826171875,0.248291015625,0.207275390625,0
IMG_8757 resized_448.jpg,150.33851623535156,26.087873302417233,147.0,49.0,253.0,115.0,202.0,0.8627081504546301,1.2476320187803092,1.52587890625e-05,0.0536956787109375,6.646664973448228,14761,0.2252349853515625,0.3055572509765625,0.0813140869140625,0.163818359375,60.95870842804587,37.8015000798698,134.7664646712972,25.24847412109375,49.0,0.62603759765625,48.3124448185204,0.036468505859375,0.251708984375,0.235107421875,0.220458984375,0.242919921875,0.226318359375,0.25,0.23681640625,0.240478515625,0.198486328125,0.221923828125,0.2236328125,0.245361328125,0.224609375,0.14794921875,0.199462890625,0.238525390625,0
IMG_8758 resized_448.jpg,155.27645874023438,23.729184031757075,152.0,62.0,253.0,122.0,201.0,0.7879008380383762,1.1510046253557826,0.0,0.05157470703125,6.532201354235889,13340,0.20355224609375,0.30780029296875,0.0476837158203125,0.121795654296875,54.694149093553875,33.5475660006918,120.34118164618461,22.381134033203125,43.0,0.5492095947265625,45.94657167384698,0.019317626953125,0.198486328125,0.176025390625,0.197265625,0.237060546875,0.20263671875,0.146240234375,0.190185546875,0.220703125,0.241943359375,0.203125,0.1640625,0.2060546875,0.23583984375,0.21923828125,0.218505859375,0.199462890625,0
IMG_8759 resized_448.jpg,169.06170654296875,18.784407093941354,167.0,92.0,252.0,142.0,204.0,0.5677590973467567,0.7898036050093546,0.0,0.063201904296875,6.231055766682058,2805,0.0428009033203125,0.248931884765625,0.0028076171875,0.0095062255859375,36.504828237197756,22.345277471644845,78.54934754662193,14.626190185546875,29.0,0.2276611328125,39.77025577855206,0.0009307861328125,0.015625,0.036865234375,0.0380859375,0.011474609375,0.04541015625,0.062744140625,0.0263671875,0.02978515625,0.056884765625,0.0068359375,0.031494140625,0.0224609375,0.041259765625,0.066650390625,0.130126953125,0.062744140625,0
IMG_8760 resized_448.jpg,169.44056701660156,18.350782775202585,168.0,93.0,253.0,143.0,203.0,0.5829507510883295,0.9942072351188189,0.0,0.0601654052734375,6.195041867407623,3623,0.0552825927734375,0.23834228515625,0.0045928955078125,0.0134735107421875,37.68702105693853,23.37779826387361,82.02438661763951,15.31561279296875,30.0,0.258941650390625,38.46482764532341,0.0007476806640625,0.025390625,0.007080078125,0.072021484375,0.021728515625,0.02294921875,0.024658203125,0.0908203125,0.099365234375,0.022705078125,0.014404296875,0.080078125,0.073486328125,0.01025390625,0.04052734375,0.158203125,0.120849609375,0
IMG_8761 resized_448.jpg,168.9108123779297,19.221818264647187,166.0,84.0,253.0,143.0,206.0,0.783777420294894,0.9734048251104079,0.0,0.0710906982421875,6.221363915011989,2815,0.0429534912109375,0.2484130859375,0.0041961669921875,0.009185791015625,36.98051870478114,22.41992616742249,79.6994353806851,14.759811401367188,29.0,0.2343292236328125,39.756118836114936,0.0006561279296875,0.035400390625,0.030517578125,0.003662109375,0.0146484375,0.06591796875,0.057373046875,0.017822265625,0.087890625,0.082275390625,0.033203125,0.022705078125,0.051513671875,0.082275390625,0.008544921875,0.03076171875,0.062744140625,0
IMG_8762 resized_448.jpg,166.08029174804688,19.21325644968107,163.0,100.0,252.0,141.0,203.0,0.8615243373606605,1.0291868989825472,0.0,0.0599517822265625,6.209502415478823,3105,0.0473785400390625,0.2408447265625,0.003509521484375,0.0135650634765625,38.03105277826394,23.229847405128904,83.00602387778854,15.130935668945312,30.0,0.2576446533203125,38.56403532746138,0.00067138671875,0.008544921875,0.060546875,0.01611328125,0.0,0.032470703125,0.06201171875,0.060302734375,0.044189453125,0.0634765625,0.109375,0.04052734375,0.016845703125,0.091796875,0.06982421875,0.021728515625,0.060302734375,0
IMG_8763 resized_448.jpg,173.47352600097656,18.88690661570042,171.0,101.0,252.0,147.0,209.0,0.6999007678611704,0.7443448060477973,0.0,0.090606689453125,6.2168253086590095,2899,0.0442352294921875,0.237060546875,0.000885009765625,0.0064697265625,35.94167397706778,22.231488962985033,78.85429601486528,14.199050903320312,28.0,0.2108306884765625,38.63139856930962,0.0003509521484375,0.02099609375,0.01123046875,0.062744140625,0.026611328125,0.010009765625,0.032470703125,0.082763671875,0.0244140625,0.0166015625,0.0146484375,0.14892578125,0.045654296875,0.0,0.097412109375,0.08154296875,0.03173828125,0
IMG_8764 resized_448.jpg,174.61227416992188,17.0115971609899,173.0,103.0,252.0,151.0,207.0,0.7058326600517124,1.022788073653345,0.0,0.0780487060546875,6.0680587114790425,2717,0.0414581298828125,0.2123260498046875,0.0027618408203125,0.00927734375,35.38515561774828,22.492174261751984,79.1580697086532,13.860153198242188,28.0,0.2037200927734375,36.48842378170056,0.0001678466796875,0.003173828125,0.035400390625,0.05078125,0.017822265625,0.010986328125,0.030029296875,0.06787109375,0.049560546875,0.0029296875,0.0107421875,0.040771484375,0.113037109375,0.0,0.025634765625,0.159423828125,0.045166015625,0
IMG_8765 resized_448.jpg,170.5117645263672,16.880903973690693,168.0,108.0,253.0,148.0,203.0,0.8536177483743004,1.309447054562761,0.0,0.058074951171875,6.033229613213521,2627,0.0400848388671875,0.205963134765625,0.0037384033203125,0.0117645263671875,35.51272057077398,22.787677080702903,79.81227975693966,14.172088623046875,29.0,0.2134857177734375,35.83417545999688,0.000213623046875,0.0,0.048828125,0.025634765625,0.078857421875,0.006103515625,0.03173828125,0.022216796875,0.0693359375,0.00439453125,0.014404296875,0.044921875,0.101806640625,0.005615234375,0.0009765625,0.10009765625,0.08642578125,0
IMG_8766 resized_448.jpg,172.89320373535156,18.09775933699449,170.0,108.0,253.0,149.0,207.0,0.9349999581729553,1.4697072580975972,0.0,0.077545166015625,6.118023506932488,2425,0.0370025634765625,0.2110595703125,0.0020904541015625,0.00921630859375,34.89339435403223,22.50230725876046,78.79086241436883,13.569229125976562,27.0,0.1841278076171875,35.93487732369085,0.0002288818359375,0.05029296875,0.0126953125,0.050537109375,0.03125,0.01318359375,0.006591796875,0.043212890625,0.051025390625,0.008056640625,0.0,0.037841796875,0.06201171875,0.076416015625,0.006591796875,0.03662109375,0.105712890625,0
IMG_8767 resized_448.jpg,169.93673706054688,18.843350670719644,167.0,108.0,252.0,145.0,206.0,0.9090914800114742,1.3416957484520653,0.0,0.07135009765625,6.169988011315864,2538,0.038726806640625,0.2250823974609375,0.0018157958984375,0.010467529296875,35.6190421399978,22.569866144508115,79.1580697086532,14.125885009765625,28.0,0.209503173828125,37.51956366338278,0.0001983642578125,0.0830078125,0.0,0.021728515625,0.0419921875,0.059326171875,0.0087890625,0.0380859375,0.055419921875,0.043701171875,0.01318359375,0.014892578125,0.052001953125,0.0751953125,0.03173828125,0.016845703125,0.063720703125,0
IMG_8768 resized_448.jpg,133.52117919921875,29.171518425212906,130.0,40.0,253.0,92.0,188.0,0.669166821707163,0.8424509757860674,0.000274658203125,0.026580810546875,6.852677839646329,16887,0.2576751708984375,0.3253936767578125,0.080963134765625,0.2341461181640625,63.61007012195358,37.90855778383122,135.79396157414365,25.407638549804688,49.0,0.6248321533203125,52.01703677921237,0.0867156982421875,0.278564453125,0.286376953125,0.24609375,0.255615234375,0.276611328125,0.22607421875,0.23876953125,0.2841796875,0.255859375,0.241943359375,0.270751953125,0.26416015625,0.24072265625,0.250732421875,0.260498046875,0.245849609375,0
IMG_8769 resized_448.jpg,131.6658477783203,28.10449431524428,126.0,49.0,254.0,95.0,187.0,0.9880919487331667,1.1718823570052592,1.52587890625e-05,0.0273590087890625,6.728520758959539,16527,0.2521820068359375,0.3137969970703125,0.0944061279296875,0.2248992919921875,64.97307099402835,40.41764067742169,142.28141077393974,26.85174560546875,51.0,0.65985107421875,52.02467743426682,0.0850067138671875,0.273193359375,0.260009765625,0.210205078125,0.228271484375,0.23681640625,0.243408203125,0.23876953125,0.256591796875,0.259765625,0.303466796875,0.287841796875,0.275634765625,0.2470703125,0.2470703125,0.213623046875,0.253173828125,0
IMG_8770 resized_448.jpg,142.9494171142578,26.33456469074003,139.0,46.0,254.0,106.0,193.0,0.7830443015062426,1.01621764111517,1.52587890625e-05,0.0352935791015625,6.686371341953678,14557,0.2221221923828125,0.3125,0.063629150390625,0.1685638427734375,58.819801549381175,36.08428524629993,128.36081845932213,23.615814208984375,47.0,0.5747528076171875,49.35654161626309,0.0528411865234375,0.2626953125,0.209716796875,0.257568359375,0.24267578125,0.252685546875,0.228515625,0.249267578125,0.106689453125,0.229248046875,0.20849609375,0.213623046875,0.18212890625,0.230712890625,0.197021484375,0.248046875,0.23486328125,0
IMG_8771 resized_448.jpg,151.47256469726562,25.374469821844766,148.0,68.0,254.0,116.0,199.0,0.7135343491271326,0.6357836146352027,0.0,0.04644775390625,6.644181498065164,14597,0.2227325439453125,0.305816650390625,0.06109619140625,0.1553802490234375,59.52599536919038,35.865583920051634,127.34991166074674,24.054153442382812,47.0,0.5955963134765625,47.57758160015184,0.0266265869140625,0.22607421875,0.279296875,0.256103515625,0.251708984375,0.186279296875,0.240966796875,0.230712890625,0.227294921875,0.215087890625,0.207763671875,0.21337890625,0.211181640625,0.22607421875,0.20849609375,0.214111328125,0.169189453125,0
IMG_8772 resized_448.jpg,158.36380004882812,27.74221672789681,156.0,69.0,254.0,117.0,208.0,0.38161206011729804,-0.053832546853841645,0.0,0.077728271484375,6.814327625948708,15007,0.2289886474609375,0.321533203125,0.0438079833984375,0.1359100341796875,56.82890347000381,33.188826302454416,119.00420160649792,22.399002075195312,43.0,0.5554351806640625,48.703705817638124,0.0302276611328125,0.1904296875,0.244873046875,0.222412109375,0.234619140625,0.17138671875,0.193359375,0.24609375,0.25,0.269775390625,0.253662109375,0.2275390625,0.228759765625,0.173583984375,0.268798828125,0.24072265625,0.247802734375,0
IMG_8773 resized_448.jpg,168.75482177734375,26.810743289852475,166.0,69.0,254.0,129.0,216.0,0.285700219056361,-0.22222034623298637,0.0,0.1323394775390625,6.7684766592948264,13547,0.2067108154296875,0.304412841796875,0.036895751953125,0.081512451171875,54.29740393402554,31.57886856651586,113.85077953180645,20.561050415039062,42.0,0.488739013671875,48.665965259814584,0.0244293212890625,0.230224609375,0.206298828125,0.14013671875,0.2265625,0.194580078125,0.192138671875,0.22607421875,0.19287109375,0.1533203125,0.189453125,0.257568359375,0.276611328125,0.1796875,0.21142578125,0.22607421875,0.204345703125,0
IMG_8774 resized_448.jpg,168.06512451171875,20.299618830586795,166.0,97.0,253.0,137.0,205.0,0.4490677838127587,0.4137944014087518,0.0,0.067291259765625,6.36281608343786,2854,0.043548583984375,0.248870849609375,0.002716064453125,0.0101776123046875,36.75558382796109,22.04739657858632,77.83315488916018,14.02520751953125,28.0,0.2022857666015625,40.6321700889989,0.0013885498046875,0.0771484375,0.005615234375,0.0,0.031494140625,0.03466796875,0.013427734375,0.020751953125,0.024169921875,0.075439453125,0.11474609375,0.05322265625,0.036865234375,0.052734375,0.056640625,0.041015625,0.058837890625,0
IMG_8775 resized_448.jpg,170.86253356933594,19.199317127214158,169.0,100.0,253.0,142.0,205.0,0.4271523795864448,0.6237844587402646,0.0,0.07220458984375,6.280781325912953,3468,0.05291748046875,0.2437896728515625,0.002685546875,0.0115509033203125,36.49047846027997,22.278521595125053,79.1580697086532,14.119338989257812,29.0,0.2110595703125,38.823608675061614,0.0012969970703125,0.078125,0.04443359375,0.0087890625,0.0185546875,0.0703125,0.0595703125,0.02197265625,0.00927734375,0.040283203125,0.137451171875,0.057373046875,0.031982421875,0.013916015625,0.09375,0.10693359375,0.053955078125,0
IMG_8776 resized_448.jpg,169.53323364257812,21.90303157120895,167.0,58.0,253.0,139.0,210.0,0.48801750142195305,0.8873448981367233,0.0,0.08990478515625,6.43937868488988,9019,0.1376190185546875,0.2915191650390625,0.015228271484375,0.0462799072265625,46.16344330524648,27.82448626031682,99.35793878699377,18.391799926757812,36.0,0.413299560546875,42.85561585146823,0.00286865234375,0.14453125,0.125732421875,0.15087890625,0.1474609375,0.05908203125,0.1142578125,0.09326171875,0.12451171875,0.05322265625,0.164306640625,0.163330078125,0.197021484375,0.10888671875,0.183837890625,0.200439453125,0.171142578125,0
IMG_8777 resized_448.jpg,166.98825073242188,19.343804015767283,167.0,58.0,252.0,135.0,198.0,0.0168320723737631,1.0190663096657415,0.0,0.0404205322265625,6.2965492542394355,3012,0.04595947265625,0.254669189453125,0.0011749267578125,0.0083160400390625,36.46117641880659,21.324357282738834,76.48529270389177,13.393692016601562,28.0,0.19091796875,38.75498375054326,0.00494384765625,0.060302734375,0.025146484375,0.1142578125,0.040283203125,0.05615234375,0.022216796875,0.04736328125,0.0322265625,0.049560546875,0.035888671875,0.04345703125,0.043701171875,0.033203125,0.025146484375,0.05126953125,0.05517578125,0
IMG_8778 resized_448.jpg,165.17950439453125,18.88359159668289,165.0,82.0,253.0,135.0,197.0,0.27410463862069,0.8335936459837354,0.0,0.03765869140625,6.2647184076183455,3275,0.0499725341796875,0.2476959228515625,0.0019073486328125,0.012847900390625,36.73937914577425,21.923838532712264,78.10249675906654,13.7449951171875,29.0,0.2039337158203125,36.75815991324337,0.002349853515625,0.09814453125,0.072509765625,0.057861328125,0.052490234375,0.067626953125,0.0078125,0.044189453125,0.010498046875,0.03466796875,0.007568359375,0.017822265625,0.035400390625,0.1123046875,0.04736328125,0.113037109375,0.020263671875,0
IMG_8779 resized_448.jpg,129.55825805664062,17.78670760222255,129.0,49.0,246.0,103.0,159.0,0.7479911419761157,2.7710776161394586,1.52587890625e-05,0.0040740966796875,6.1257614634058974,1774,0.027069091796875,0.203216552734375,0.0041351318359375,0.0311431884765625,33.54795343789421,21.31117829621401,73.06161783043132,13.62457275390625,27.0,0.183197021484375,34.411777119626194,0.0173187255859375,0.01611328125,0.018310546875,0.03369140625,0.052001953125,0.0146484375,0.009765625,0.03564453125,0.04541015625,0.013671875,0.021484375,0.0361328125,0.029541015625,0.01025390625,0.017822265625,0.042236328125,0.036376953125,0
IMG_8781 resized_448.jpg,171.8346405029297,19.051267422195355,171.0,84.0,252.0,143.0,205.0,0.33588924589552926,0.6041598395433079,0.0,0.067535400390625,6.277812656693669,1947,0.0297088623046875,0.2500457763671875,0.0019989013671875,0.0057373046875,35.4928619575834,21.176529690388303,74.63243262818116,13.4822998046875,27.0,0.1911163330078125,37.85596710497102,0.0010986328125,0.007568359375,0.0498046875,0.058349609375,0.015625,0.0,0.00439453125,0.0419921875,0.0380859375,0.042236328125,0.01904296875,0.0087890625,0.06640625,0.017333984375,0.050048828125,0.03515625,0.0205078125,0
IMG_8784 resized_448.jpg,151.5989227294922,31.530160829439303,148.0,60.0,254.0,106.0,210.0,0.4553800705269725,-0.14322417193353765,0.0,0.0817413330078125,6.98077778470178,17236,0.26300048828125,0.3165130615234375,0.1094512939453125,0.200653076171875,68.96275053883002,40.97931316773354,148.05404418657398,28.204208374023438,55.0,0.6692657470703125,57.127380572183796,0.109466552734375,0.279052734375,0.283447265625,0.249267578125,0.2314453125,0.259765625,0.287109375,0.2705078125,0.24560546875,0.26513671875,0.289306640625,0.264892578125,0.245361328125,0.2509765625,0.267333984375,0.279052734375,0.23974609375,0
IMG_8785 resized_448.jpg,156.6489715576172,27.846615858132775,154.0,57.0,253.0,115.0,207.0,0.3598501331303482,0.20259392878276916,0.0,0.0726165771484375,6.8207559776854545,14489,0.2210845947265625,0.29339599609375,0.0823211669921875,0.157501220703125,64.21346627846594,38.787166119534874,139.0898989862312,26.03375244140625,52.0,0.624176025390625,51.54836318287098,0.051513671875,0.209716796875,0.242431640625,0.212646484375,0.23193359375,0.209228515625,0.256103515625,0.247802734375,0.19873046875,0.232177734375,0.24658203125,0.199951171875,0.180908203125,0.2255859375,0.2138671875,0.21337890625,0.21630859375,0
IMG_8786 resized_448.jpg,155.84815979003906,26.879181303451247,155.0,39.0,254.0,113.0,202.0,0.13178360092621574,0.6093597779973621,0.00018310546875,0.055328369140625,6.775117744003525,12360,0.1885986328125,0.27630615234375,0.0547332763671875,0.125640869140625,59.21064720956381,36.73051608949097,130.2344038869281,23.061630249023438,48.0,0.5515594482421875,49.05034746468247,0.0317840576171875,0.16845703125,0.202880859375,0.21142578125,0.150146484375,0.218017578125,0.219970703125,0.162841796875,0.18017578125,0.167236328125,0.188232421875,0.229736328125,0.177978515625,0.168701171875,0.184814453125,0.204833984375,0.18212890625,0
IMG_8787 resized_448.jpg,159.5196533203125,16.78794306781425,159.0,88.0,251.0,133.0,188.0,0.3679460319959733,0.8701732374198334,0.0,0.0166168212890625,6.092681397479713,975,0.0148773193359375,0.17462158203125,0.0009613037109375,0.006103515625,30.74213037820573,18.604010991858225,65.19202405202648,11.496047973632812,24.0,0.109405517578125,35.79066552296687,0.0015106201171875,0.0,0.011474609375,0.00537109375,0.023193359375,0.0126953125,0.012939453125,0.00048828125,0.030029296875,0.004638671875,0.0,0.004150390625,0.053466796875,0.0,0.0,0.0126953125,0.06689453125,0
IMG_8788 resized_448.jpg,160.825927734375,17.044900360216236,160.0,96.0,248.0,135.0,190.0,0.48126158845857403,0.9886976758504815,0.0,0.0214691162109375,6.106271124498518,1093,0.0166778564453125,0.1941070556640625,0.0011749267578125,0.00836181640625,32.12934855299352,19.483189447133903,68.0294054067798,12.424652099609375,26.0,0.1407012939453125,35.79261695188403,0.00091552734375,0.0,0.0,0.003173828125,0.051513671875,0.00537109375,0.017578125,0.0,0.038330078125,0.007568359375,0.0048828125,0.0107421875,0.04443359375,0.001953125,0.0,0.00927734375,0.072021484375,0
IMG_8789 resized_448.jpg,167.4185028076172,17.57519711878858,167.0,82.0,246.0,140.0,197.0,0.2626461034231955,0.6751570440011037,0.0,0.03656005859375,6.164486680542964,1302,0.019866943359375,0.1713409423828125,0.0009307861328125,0.0055999755859375,31.50221821512282,19.502246113815072,68.0294054067798,11.930068969726562,26.0,0.131591796875,36.517227794216105,0.0008697509765625,0.0,0.0,0.015380859375,0.11376953125,0.0,0.0,0.00341796875,0.02587890625,0.0,0.0205078125,0.0,0.027587890625,0.0126953125,0.00390625,0.009521484375,0.085205078125,0
IMG_8790 resized_448.jpg,172.88107299804688,17.21405223662679,173.0,93.0,248.0,145.0,201.0,0.06493610896529076,0.5032723358955207,0.0,0.0516815185546875,6.14067142802991,833,0.0127105712890625,0.149505615234375,0.0005340576171875,0.0040435791015625,29.587026949532664,18.355965923079847,63.63961030678928,10.862762451171875,23.0,0.093292236328125,35.03647533771794,0.000518798828125,0.0,0.0,0.0,0.048828125,0.0,0.0,0.005859375,0.083251953125,0.0,0.0,0.0,0.03369140625,0.0,0.02197265625,0.0,0.009765625,0
IMG_8791 resized_448.jpg,172.1877899169922,17.495121682245262,172.0,95.0,250.0,144.0,201.0,0.12939787135017994,0.7070671990471236,0.0,0.0530548095703125,6.160239883502317,1382,0.021087646484375,0.1675567626953125,0.0016632080078125,0.004547119140625,30.48068918481163,19.266803622518008,66.60330322138685,11.480422973632812,25.0,0.1175537109375,34.507365924794186,0.00067138671875,0.007080078125,0.0,0.007568359375,0.101318359375,0.007568359375,0.0,0.0,0.05712890625,0.0,0.0,0.000244140625,0.072021484375,0.0,0.0,0.005615234375,0.078857421875,0
IMG_8792 resized_448.jpg,167.81324768066406,17.741361568785713,168.0,88.0,249.0,139.0,197.0,0.20109671707065335,0.5973578056935716,0.0,0.03759765625,6.1814616103705635,1854,0.028289794921875,0.1656494140625,0.0022735595703125,0.010223388671875,31.979171011263688,20.86007894637863,72.18032973047436,12.389266967773438,28.0,0.1504058837890625,35.17755122415325,0.000823974609375,0.0,0.0,0.0009765625,0.115234375,0.011962890625,0.00537109375,0.0107421875,0.12451171875,0.0087890625,0.0,0.0,0.101318359375,0.00732421875,0.0048828125,0.0,0.0615234375,0
IMG_8793 resized_448.jpg,169.98727416992188,19.312141049367643,171.0,80.0,251.0,136.0,201.0,-0.012142460869383628,0.29858366591541063,0.0,0.0538330078125,6.303708697586533,2162,0.032989501953125,0.152374267578125,0.0035552978515625,0.0121307373046875,31.3523243203367,21.04437051718053,71.84705978674423,12.450302124023438,29.0,0.15777587890625,36.860735898670924,0.00238037109375,0.0,0.0,0.015380859375,0.0947265625,0.0,0.0,0.009521484375,0.12451171875,0.0,0.0,0.012939453125,0.156494140625,0.006591796875,0.0,0.00146484375,0.106201171875,0
IMG_8794 resized_448.jpg,177.32077026367188,14.349473539533497,177.0,78.0,250.0,155.0,202.0,0.22916702762995342,1.3487599722885628,0.0,0.05645751953125,5.860001574203012,206,0.003143310546875,0.099884033203125,0.0006103515625,0.0007781982421875,26.005645155869605,17.063261890832035,54.57105459856901,9.608596801757812,20.0,0.0453643798828125,30.365737884349716,0.0004119873046875,0.002685546875,0.0,0.0,0.01611328125,0.0,0.0,0.0,0.0078125,0.021484375,0.0,0.0,0.0,0.002197265625,0.0,0.0,0.0,0
IMG_8795 resized_448.jpg,180.84609985351562,13.84369916747122,180.0,100.0,251.0,160.0,204.0,0.3031393220121823,1.4654531626782124,0.0,0.0746002197265625,5.799380762978725,287,0.0043792724609375,0.1111297607421875,0.00018310546875,0.0004425048828125,26.58549432714053,15.918118911860338,56.142675390472796,9.751480102539062,21.0,0.051361083984375,30.747933744759628,9.1552734375e-05,0.026123046875,0.005126953125,0.00341796875,0.0,0.0,0.002685546875,0.00146484375,0.002197265625,0.0,0.0,0.001953125,0.002685546875,0.0068359375,0.003173828125,0.0068359375,0.007568359375,0
IMG_8796 resized_448.jpg,169.9318389892578,14.615749217702755,169.0,92.0,247.0,148.0,196.0,0.5407290384391518,1.1166642973502316,0.0,0.03125,5.876286116799326,231,0.0035247802734375,0.120025634765625,0.0002288818359375,0.0005645751953125,27.09878361830047,16.19952949175479,57.271284253105414,9.992019653320312,21.0,0.0560760498046875,31.821261954899647,3.0517578125e-05,0.01953125,0.00927734375,0.00439453125,0.003173828125,0.0,0.0,0.0,0.0,0.005859375,0.0,0.010498046875,0.0,0.0,0.0,0.003662109375,0.0,0
IMG_8798 resized_448.jpg,169.03648376464844,16.900165591955098,169.0,96.0,244.0,142.0,197.0,0.06313452269676122,-0.012634639332637754,0.0,0.0299224853515625,6.122254925528849,31,0.0004730224609375,0.07061767578125,0.0,0.0,24.395622103999365,14.099166056436905,50.774009099144415,8.518402099609375,18.0,0.0278167724609375,33.09615408234754,0.0002288818359375,0.0,0.0,0.0,0.0,0.0,0.0,0.0,0.0,0.0,0.0,0.0,0.0,0.007568359375,0.0,0.0,0.0,0
IMG_8799 resized_448.jpg,162.83140563964844,17.176082944935555,162.0,89.0,252.0,136.0,192.0,0.14740521944150925,0.2850651020762629,0.0,0.0177154541015625,6.142851057844099,0,0.0,0.1144866943359375,0.0,0.0,26.078409326034446,14.893684583114394,54.12947441089743,9.313690185546875,20.0,0.0433197021484375,34.26525787950437,0.001190185546875,0.0,0.0,0.0,0.0,0.0,0.0,0.0,0.0,0.0,0.0,0.0,0.0,0.0,0.0,0.0,0.0,0
IMG_8800 resized_448.jpg,161.72463989257812,17.234284183654374,161.0,95.0,249.0,135.0,191.0,0.17978071008849136,0.2737391414690835,0.0,0.0158843994140625,6.146379735871398,42,0.000640869140625,0.1175537109375,0.0,0.0,26.412154156335642,15.127903542962088,55.00909015790027,9.508331298828125,20.0,0.045074462890625,34.22850550905464,0.0009002685546875,0.0,0.0,0.0,0.004150390625,0.0,0.0,0.0,0.0,0.0,0.0,0.0,0.006103515625,0.0,0.0,0.0,0.0,0
IMG_8801 resized_448.jpg,166.10487365722656,16.346468559078257,165.0,97.0,245.0,141.0,194.0,0.3283675997777514,0.35872338513251023,0.0,0.0243377685546875,6.060947525563141,150,0.002288818359375,0.1212921142578125,0.0,0.00030517578125,27.40063614750184,16.295553811237895,58.309518948453004,10.40985107421875,22.0,0.0722198486328125,31.24765746277366,0.000152587890625,0.00830078125,0.002197265625,0.0,0.0,0.0,0.009765625,0.00341796875,0.0,0.0,0.003662109375,0.0,0.0048828125,0.0,0.0,0.0,0.00439453125,0
IMG_8802 resized_448.jpg,167.458984375,16.859352260287896,167.0,99.0,247.0,141.0,196.0,0.22879725879558224,0.44244811386143823,0.0,0.0321807861328125,6.110650393851899,90,0.001373291015625,0.1343841552734375,0.0,0.0,27.511656977603504,15.5411302553662,56.356011214421486,10.0242919921875,21.0,0.05987548828125,33.7376742147398,0.00048828125,0.0,0.0,0.00537109375,0.0,0.0,0.0,0.002685546875,0.00048828125,0.0,0.0,0.0,0.007568359375,0.0,0.0,0.0,0.005859375,0
IMG_8803 resized_448.jpg,164.57769775390625,16.711795959496705,164.0,90.0,247.0,138.0,193.0,0.11586986730970852,0.42261908909189927,0.0,0.0204315185546875,6.101928112573526,33,0.0005035400390625,0.121337890625,0.0,0.0,26.538957997693814,14.844561816555906,54.12947441089743,9.36834716796875,20.0,0.0448455810546875,34.17775024795608,0.000946044921875,0.0,0.0,0.0,0.0,0.0,0.0,0.0,0.0,0.008056640625,0.0,0.0,0.0,0.0,0.0,0.0,0.0,0
IMG_8804 resized_448.jpg,165.43931579589844,16.326987970148462,164.0,99.0,248.0,140.0,194.0,0.346742622905921,0.6299216069312621,0.0,0.0240325927734375,6.05711832587191,112,0.001708984375,0.1461639404296875,0.0,0.000213623046875,28.074859655131306,16.08701059506384,58.034472514187634,10.30377197265625,22.0,0.067718505859375,32.76258560593907,0.000152587890625,0.0,0.0,0.0029296875,0.007080078125,0.005126953125,0.0029296875,0.0,0.0,0.0,0.0,0.007080078125,0.002197265625,0.0,0.0,0.0,0.0,0
IMG_8805 resized_448.jpg,172.94949340820312,15.989531345802597,172.0,109.0,248.0,147.0,200.0,0.19246016000847385,0.45624067112604383,0.0,0.0459747314453125,6.036676622392122,29,0.0004425048828125,0.1368560791015625,0.0,0.0,27.67157924372632,15.644950497970779,56.85947386398358,10.033187866210938,21.0,0.0633087158203125,33.01603837477727,7.62939453125e-05,0.0,0.0,0.0009765625,0.0029296875,0.001708984375,0.0,0.0,0.0,0.0,0.0,0.00146484375,0.0,0.0,0.0,0.0,0.0,0
IMG_8806 resized_448.jpg,171.9663848876953,16.101009505903214,172.0,82.0,246.0,146.0,198.0,0.05883979317246786,0.3500821465726798,0.0,0.03582763671875,6.050312737623319,11,0.0001678466796875,0.136322021484375,0.0,0.0,27.426413379757218,15.409140108342633,56.302753041036986,9.764450073242188,21.0,0.0534515380859375,33.51576878365314,0.000152587890625,0.0,0.0,0.0,0.0,0.0,0.0,0.0,0.0,0.0,0.0,0.0,0.0,0.0,0.0,0.002685546875,0.0,0
IMG_8807 resized_448.jpg,170.9273223876953,16.714410960622217,171.0,84.0,253.0,144.75,198.0,0.16775071646844236,0.25991464973048917,0.0,0.03875732421875,6.102340918866969,84,0.00128173828125,0.162872314453125,0.0,0.0,28.398277474516906,16.040889776753502,58.309518948453004,10.210800170898438,21.0,0.0638580322265625,32.98616140424643,7.62939453125e-05,0.0,0.0126953125,0.0,0.0,0.0,0.0,0.0,0.0,0.0,0.004638671875,0.003173828125,0.0,0.0,0.0,0.0,0.0,0
IMG_8808 resized_448.jpg,170.0876922607422,17.74773426158801,170.0,87.0,244.0,141.0,198.0,-0.1047600917041252,0.40280269900889243,0.0,0.0381927490234375,6.189886474062355,116,0.00177001953125,0.121002197265625,0.0013580322265625,0.0013885498046875,27.442176485097928,17.442156679824624,55.31726674375732,9.67242431640625,21.0,0.0506134033203125,34.487277512399224,0.0019073486328125,0.0,0.0,0.0,0.0,0.0,0.0,0.0,0.0,0.0,0.0,0.0,0.02685546875,0.0,0.0,0.0,0.00146484375,0
IMG_8809 resized_448.jpg,166.37428283691406,16.625033140814693,166.0,90.0,251.0,139.0,193.0,0.02546046909066224,0.22936125930089313,0.0,0.0202178955078125,6.098904117811698,0,0.0,0.0958404541015625,0.0,0.0,25.899270803979345,14.323292093045156,52.0,9.0477294921875,19.0,0.0307159423828125,33.070286309641126,0.0002288818359375,0.0,0.0,0.0,0.0,0.0,0.0,0.0,0.0,0.0,0.0,0.0,0.0,0.0,0.0,0.0,0.0,0
IMG_8810 resized_448.jpg,163.8896484375,17.03308742305869,164.0,91.0,242.0,136.0,192.0,0.038861568750758094,0.1813048951527132,0.0,0.0163726806640625,6.134321168032873,0,0.0,0.129730224609375,0.0,0.0,26.491585002848012,14.67803992097187,53.36665625650534,9.323348999023438,19.0,0.0363922119140625,33.70952718912799,0.0004425048828125,0.0,0.0,0.0,0.0,0.0,0.0,0.0,0.0,0.0,0.0,0.0,0.0,0.0,0.0,0.0,0.0,0
IMG_8811 resized_448.jpg,165.595703125,17.396384163851934,165.0,90.0,242.0,137.0,194.0,0.0604226090498689,0.17987842254232378,0.0,0.0230255126953125,6.1641099905484165,59,0.0009002685546875,0.1412811279296875,0.0,0.0001678466796875,27.548709587991446,15.360590822853567,55.78530272392541,9.86309814453125,20.0,0.0475311279296875,33.51638124191504,0.00048828125,0.0,0.0,0.0,0.004150390625,0.0,0.01025390625,0.0,0.0,0.0,0.0,0.0,0.0,0.0,0.0,0.0,0.0,0
IMG_8812 resized_448.jpg,173.9070587158203,17.17101877354416,174.0,102.0,249.0,146.0,202.0,0.061166781258059355,0.12480919801982937,0.0,0.0601806640625,6.1461280749011005,33,0.0005035400390625,0.1462554931640625,6.103515625e-05,6.103515625e-05,28.04695486425625,15.68601388443243,57.0087712549569,10.213531494140625,21.0,0.05889892578125,33.282935739581134,7.62939453125e-05,0.0,0.001220703125,0.0029296875,0.00048828125,0.0,0.0,0.0,0.00341796875,0.0,0.0,0.0,0.0,0.0,0.0,0.0,0.0,0
IMG_8813 resized_448.jpg,172.43251037597656,16.684752731614044,173.0,98.0,249.0,145.0,199.0,-0.058186785182368694,0.1782000412562974,0.0,0.0430450439453125,6.104512186055468,27,0.0004119873046875,0.125518798828125,0.0,0.0002288818359375,26.969445126203443,14.957987022861987,54.405882034941776,9.500869750976562,20.0,0.0427093505859375,34.08856811488071,0.0001678466796875,0.0,0.0048828125,0.0,0.0,0.0,0.0,0.0,0.001708984375,0.0,0.0,0.0,0.0,0.0,0.0,0.0,0.0,0
IMG_8814 resized_448.jpg,173.61093139648438,16.240273497936357,173.0,106.0,252.0,148.0,201.0,0.15434569283246186,0.16446877281494388,0.0,0.0513153076171875,6.063318245390242,50,0.000762939453125,0.13555908203125,0.0,0.000244140625,27.738985910113627,15.656214439355884,56.639209034025185,10.02056884765625,21.0,0.0538787841796875,32.86671154614046,0.0,0.003662109375,0.006591796875,0.0,0.0,0.0,0.0,0.0,0.001953125,0.0,0.0,0.0,0.0,0.0,0.0,0.0,0.0,0
IMG_8815 resized_448.jpg,160.72418212890625,16.36193061282618,161.0,87.0,245.0,134.0,188.0,0.13314235017010087,0.582492599267213,0.0,0.0123291015625,6.069766156938803,179,0.0027313232421875,0.16748046875,0.000213623046875,0.001495361328125,28.9532984621786,16.526793818576103,59.665735560705194,10.231735229492188,22.0,0.06671142578125,35.21380577904833,0.0017547607421875,0.0,0.0,0.006103515625,0.003173828125,0.007568359375,0.0029296875,0.0,0.005126953125,0.003662109375,0.0,0.0,0.01513671875,0.0,0.0,0.0,0.0,0
IMG_8816 resized_448.jpg,160.594970703125,16.28188583208781,160.0,86.0,249.0,134.0,188.0,0.1991152976436206,0.7204940483451137,0.0,0.012847900390625,6.059187857167052,273,0.0041656494140625,0.1645050048828125,0.0,0.001129150390625,29.696722848221253,16.83987885204983,61.00819617067857,10.655654907226562,22.0,0.0773468017578125,35.54099962242509,0.001678466796875,0.006591796875,0.0,0.008544921875,0.003173828125,0.010498046875,0.0,0.0,0.00341796875,0.0166015625,0.0,0.0,0.014892578125,0.0,0.0,0.0,0.0029296875,0
IMG_8817 resized_448.jpg,161.09027099609375,16.179374373020188,161.0,81.0,249.0,135.0,188.0,0.1365580046762967,0.7506476533505184,0.0,0.012725830078125,6.049989373347349,194,0.002960205078125,0.1741790771484375,0.0,0.0016326904296875,29.6882001953911,16.84561758020109,60.876925020897694,10.509429931640625,22.0,0.07476806640625,35.74716803727941,0.002044677734375,0.0,0.0,0.01513671875,0.001708984375,0.01025390625,0.0,0.0,0.001708984375,0.00390625,0.0,0.0,0.002685546875,0.0,0.0,0.0,0.011962890625,0
IMG_8818 resized_448.jpg,174.16204833984375,14.938034774148804,174.0,104.0,252.0,151.0,199.0,0.19721708296037077,0.794405139603005,0.0,0.04248046875,5.932926839343632,374,0.005706787109375,0.1561737060546875,0.0005035400390625,0.0013275146484375,29.655793683781987,17.101847005644963,61.204574992397426,10.76214599609375,22.0,0.0807647705078125,33.446624373501734,0.0001068115234375,0.009033203125,0.01025390625,0.029296875,0.003173828125,0.004638671875,0.008056640625,0.0,0.003173828125,0.0078125,0.0,0.0,0.0029296875,0.0029296875,0.0009765625,0.0,0.009033203125,0
IMG_8819 resized_448.jpg,177.08506774902344,15.366633797108697,177.0,109.0,252.0,153.0,203.0,0.2601455747136171,0.709651221669982,0.0,0.0659942626953125,5.972838910522048,614,0.009368896484375,0.1762847900390625,0.0002593994140625,0.0008544921875,30.11131816189794,17.473595048645517,62.48199740725323,10.841476440429688,23.0,0.091278076171875,33.78887630915403,6.103515625e-05,0.0126953125,0.0078125,0.0,0.0,0.012451171875,0.017578125,0.041748046875,0.00927734375,0.00244140625,0.0166015625,0.00634765625,0.00634765625,0.0126953125,0.0029296875,0.0,0.0009765625,0
IMG_8820 resized_448.jpg,170.07180786132812,15.716230767872437,170.0,83.0,248.0,145.0,196.0,0.15872323817432374,0.8187484038284158,0.0,0.03271484375,6.0050117462609265,486,0.007415771484375,0.1632232666015625,0.0002288818359375,0.00091552734375,29.11494160261287,16.854543545374558,60.427638858810624,10.370315551757812,22.0,0.075164794921875,34.55744804061176,0.00054931640625,0.01806640625,0.0,0.0,0.0,0.019287109375,0.0,0.011474609375,0.0,0.021728515625,0.011962890625,0.013427734375,0.0,0.014404296875,0.0,0.0,0.00830078125,0
IMG_8821 resized_448.jpg,170.13734436035156,15.916881559600288,170.0,99.0,247.0,145.0,197.0,0.15597032438380995,0.7538834639202001,0.0,0.0344085693359375,6.024318936974323,320,0.0048828125,0.1693267822265625,0.000244140625,0.000701904296875,29.25288325951583,16.81707880723208,60.41522986797286,10.463027954101562,22.0,0.0758209228515625,34.45558657686471,0.0005340576171875,0.00537109375,0.0,0.0,0.0,0.0146484375,0.00048828125,0.0,0.0,0.013427734375,0.010498046875,0.0107421875,0.007568359375,0.0,0.00244140625,0.010986328125,0.001953125,0
IMG_8822 resized_448.jpg,170.8505859375,15.647263892849079,170.0,98.0,249.0,146.0,197.0,0.23821967208104844,0.7710472275995803,0.0,0.03558349609375,5.998322453006386,430,0.006561279296875,0.152557373046875,0.0002288818359375,0.00103759765625,29.3126482662223,16.827026151148576,60.8276253029822,10.5660400390625,22.0,0.075531005859375,33.94667762934954,0.0001373291015625,0.00341796875,0.0,0.0,0.0,0.027587890625,0.0,0.0,0.0,0.030517578125,0.0,0.008544921875,0.003173828125,0.01025390625,0.00390625,0.011962890625,0.005615234375,0
IMG_8823 resized_448.jpg,170.7473907470703,16.155550644193223,170.0,90.0,253.0,145.0,198.0,0.19611206071899145,0.7635407316121179,0.0,0.03851318359375,6.0455155256777,319,0.0048675537109375,0.1699676513671875,0.000152587890625,0.000885009765625,29.213685997138747,16.823871943158576,60.21627686929839,10.564590454101562,22.0,0.0773773193359375,34.66063225607155,0.000518798828125,0.004150390625,0.0,0.00341796875,0.0,0.03125,0.0,0.0,0.0,0.01171875,0.002197265625,0.01171875,0.0,0.0,0.0,0.013427734375,0.0,0
IMG_8824 resized_448.jpg,167.04212951660156,15.504860727621274,167.0,96.0,246.0,142.0,193.0,0.19926432399782978,0.7475798047279638,0.0,0.022674560546875,5.986366978500424,247,0.0037689208984375,0.1047210693359375,0.0,0.0006866455078125,26.61739017680882,15.3664888993384,55.08175741568164,9.467437744140625,20.0,0.047088623046875,33.39040332816779,0.0003662109375,0.003662109375,0.0,0.011962890625,0.0,0.00341796875,0.0,0.0,0.0,0.005859375,0.0,0.0,0.0,0.017822265625,0.0107421875,0.0068359375,0.0,0
IMG_8825 resized_448.jpg,165.08486938476562,15.709127019005487,165.0,84.0,249.0,140.0,191.0,0.1945726686865789,0.8018944204644312,0.0,0.019195556640625,6.00464579082936,294,0.004486083984375,0.12152099609375,0.0,0.000518798828125,27.070474037013625,15.677003713118683,56.0357029044876,9.70599365234375,21.0,0.05230712890625,33.89920583452008,0.000518798828125,0.015869140625,0.00146484375,0.021728515625,0.009521484375,0.00341796875,0.0,0.0,0.002685546875,0.0,0.0,0.0,0.0,0.01708984375,0.0,0.0,0.0,0
